-- phpMyAdmin SQL Dump
-- version 4.0.10deb1
-- http://www.phpmyadmin.net
--
-- Host: localhost
-- Generation Time: Nov 28, 2016 at 01:10 PM
-- Server version: 5.5.49-0ubuntu0.14.04.1
-- PHP Version: 5.5.9-1ubuntu4.16

SET SQL_MODE = "NO_AUTO_VALUE_ON_ZERO";
SET time_zone = "+00:00";


/*!40101 SET @OLD_CHARACTER_SET_CLIENT=@@CHARACTER_SET_CLIENT */;
/*!40101 SET @OLD_CHARACTER_SET_RESULTS=@@CHARACTER_SET_RESULTS */;
/*!40101 SET @OLD_COLLATION_CONNECTION=@@COLLATION_CONNECTION */;
/*!40101 SET NAMES utf8 */;

--
-- Database: `xrs`
--

-- --------------------------------------------------------

--
-- Table structure for table `gxr_admin`
--

CREATE TABLE IF NOT EXISTS `gxr_admin` (
  `id` mediumint(6) NOT NULL AUTO_INCREMENT,
  `username` varchar(50) NOT NULL,
  `password` varchar(32) NOT NULL,
  `role_id` smallint(5) NOT NULL,
  `last_ip` varchar(15) DEFAULT NULL,
  `last_time` int(10) DEFAULT '0',
  `email` varchar(50) NOT NULL,
  `status` tinyint(1) NOT NULL DEFAULT '1',
  PRIMARY KEY (`id`),
  UNIQUE KEY `user_name` (`username`)
) ENGINE=MyISAM  DEFAULT CHARSET=utf8 AUTO_INCREMENT=112 ;

--
-- Dumping data for table `gxr_admin`
--

INSERT INTO `gxr_admin` (`id`, `username`, `password`, `role_id`, `last_ip`, `last_time`, `email`, `status`) VALUES
(111, 'admin', '07cb7b9c6620e42284c50cefd953c6c0', 1, '127.0.0.1', 1479968380, 'hottredpen@126.com', 1);

-- --------------------------------------------------------

--
-- Table structure for table `gxr_admin_node`
--

CREATE TABLE IF NOT EXISTS `gxr_admin_node` (
  `id` smallint(6) NOT NULL AUTO_INCREMENT,
  `name` varchar(50) NOT NULL,
  `pid` smallint(6) NOT NULL,
  `controller_name` varchar(40) NOT NULL,
  `action_name` varchar(20) NOT NULL,
  `data` varchar(120) NOT NULL,
  `remark` varchar(255) NOT NULL,
  `often` tinyint(1) NOT NULL DEFAULT '0',
  `ordid` tinyint(3) unsigned NOT NULL DEFAULT '255',
  `display` tinyint(1) NOT NULL DEFAULT '1',
  `status` tinyint(1) DEFAULT '1',
  PRIMARY KEY (`id`)
) ENGINE=MyISAM  DEFAULT CHARSET=utf8 AUTO_INCREMENT=607 ;

-- --------------------------------------------------------

--
-- Table structure for table `gxr_admin_role`
--

CREATE TABLE IF NOT EXISTS `gxr_admin_role` (
  `id` tinyint(3) NOT NULL AUTO_INCREMENT,
  `name` varchar(50) NOT NULL,
  `remark` text NOT NULL,
  `ordid` tinyint(3) NOT NULL,
  `status` tinyint(1) NOT NULL DEFAULT '1',
  PRIMARY KEY (`id`)
) ENGINE=MyISAM  DEFAULT CHARSET=utf8 AUTO_INCREMENT=7 ;

--
-- Dumping data for table `gxr_admin_role`
--

INSERT INTO `gxr_admin_role` (`id`, `name`, `remark`, `ordid`, `status`) VALUES
(1, '超级管理员', '超级管理员', 0, 1),
(2, '客服组', '客服组', 0, 1),
(3, '财务组', '财务组', 0, 1),
(4, '市场组', '市场组', 0, 1),
(5, '技术组', '技术组', 0, 1);

-- --------------------------------------------------------

--
-- Table structure for table `gxr_banner`
--

CREATE TABLE IF NOT EXISTS `gxr_banner` (
  `id` int(11) NOT NULL AUTO_INCREMENT,
  `partid` int(1) NOT NULL DEFAULT '1',
  `fileid` int(12) NOT NULL DEFAULT '0',
  `url` varchar(255) NOT NULL,
  `gotourl` varchar(255) NOT NULL,
  `title` varchar(255) NOT NULL,
  `sort` int(3) NOT NULL DEFAULT '0',
  `status` int(1) NOT NULL DEFAULT '1',
  `addtime` int(12) NOT NULL,
  `updatetime` int(12) NOT NULL,
  PRIMARY KEY (`id`)
) ENGINE=MyISAM DEFAULT CHARSET=utf8 AUTO_INCREMENT=1 ;

-- --------------------------------------------------------

--
-- Table structure for table `gxr_category`
--

CREATE TABLE IF NOT EXISTS `gxr_category` (
  `id` int(10) unsigned NOT NULL AUTO_INCREMENT COMMENT '分类ID',
  `name` varchar(30) NOT NULL COMMENT '标志',
  `title` varchar(50) NOT NULL COMMENT '标题',
  `pid` int(10) unsigned NOT NULL DEFAULT '0' COMMENT '上级分类ID',
  `deep` int(2) NOT NULL DEFAULT '1',
  `display_tpl` varchar(255) DEFAULT NULL,
  `sort` int(10) unsigned NOT NULL DEFAULT '0' COMMENT '排序（同级有效）',
  `list_row` tinyint(3) unsigned NOT NULL DEFAULT '10' COMMENT '列表每页行数',
  `meta_title` varchar(50) NOT NULL DEFAULT '' COMMENT 'SEO的网页标题',
  `keywords` varchar(255) NOT NULL DEFAULT '' COMMENT '关键字',
  `description` varchar(255) NOT NULL DEFAULT '' COMMENT '描述',
  `template_index` varchar(100) NOT NULL COMMENT '频道页模板',
  `template_lists` varchar(100) NOT NULL COMMENT '列表页模板',
  `template_detail` varchar(100) NOT NULL COMMENT '详情页模板',
  `template_edit` varchar(100) NOT NULL COMMENT '编辑页模板',
  `model` varchar(100) NOT NULL DEFAULT '2' COMMENT '列表绑定模型',
  `model_sub` varchar(100) NOT NULL DEFAULT '' COMMENT '子文档绑定模型',
  `type` varchar(100) NOT NULL DEFAULT '2' COMMENT '允许发布的内容类型',
  `link_id` int(10) unsigned NOT NULL DEFAULT '0' COMMENT '外链',
  `allow_publish` tinyint(3) unsigned NOT NULL DEFAULT '0' COMMENT '是否允许发布内容',
  `display` tinyint(3) unsigned NOT NULL DEFAULT '0' COMMENT '可见性',
  `is_page` int(1) NOT NULL DEFAULT '0' COMMENT '是否是单页',
  `reply` tinyint(3) unsigned NOT NULL DEFAULT '0' COMMENT '是否允许回复',
  `check` tinyint(3) unsigned NOT NULL DEFAULT '0' COMMENT '发布的文章是否需要审核',
  `reply_model` varchar(100) NOT NULL DEFAULT '',
  `extend` text NOT NULL COMMENT '扩展设置',
  `create_time` int(10) unsigned NOT NULL DEFAULT '0' COMMENT '创建时间',
  `update_time` int(10) unsigned NOT NULL DEFAULT '0' COMMENT '更新时间',
  `status` tinyint(4) NOT NULL DEFAULT '0' COMMENT '数据状态',
  `icon` int(10) unsigned NOT NULL DEFAULT '0' COMMENT '分类图标',
  PRIMARY KEY (`id`),
  UNIQUE KEY `uk_name` (`name`),
  KEY `pid` (`pid`)
) ENGINE=MyISAM  DEFAULT CHARSET=utf8 COMMENT='分类表' AUTO_INCREMENT=111 ;

--
-- Dumping data for table `gxr_category`
--

INSERT INTO `gxr_category` (`id`, `name`, `title`, `pid`, `deep`, `display_tpl`, `sort`, `list_row`, `meta_title`, `keywords`, `description`, `template_index`, `template_lists`, `template_detail`, `template_edit`, `model`, `model_sub`, `type`, `link_id`, `allow_publish`, `display`, `is_page`, `reply`, `check`, `reply_model`, `extend`, `create_time`, `update_time`, `status`, `icon`) VALUES
(2, 'about', '关于', 0, 1, NULL, 1, 10, '', '', '', '', '', '', '', '2', '2', '2', 0, 1, 1, 0, 0, 1, '1', '', 1379475028, 1479100542, 1, 0),
(41, 'news', '资讯', 0, 1, NULL, 2, 10, '', '', '', '', '', '', '', '2', '', '2', 0, 1, 1, 0, 0, 0, '', '', 1479093037, 1479093127, 1, 0),
(42, 'achievement', '成绩', 0, 1, NULL, 3, 10, '', '', '', '', '', '', '', '2', '', '2', 0, 1, 1, 0, 0, 0, '', '', 1479093108, 1479093126, 1, 0),
(43, 'teaching', '师资力量', 0, 1, NULL, 4, 10, '', '', '', '', '', '', '', '2', '', '2', 0, 1, 1, 0, 0, 0, '', '', 1479093290, 1479544276, 1, 0),
(44, 'class', '课程', 0, 1, NULL, 5, 10, '', '', '', '', '', '', '', '2', '', '2', 0, 1, 1, 0, 0, 0, '', '', 1479093428, 1479545934, 1, 0),
(45, 'liuxue', '作品赏析', 0, 1, NULL, 6, 10, '', '', '', '', '', '', '', '2', '', '2', 0, 1, 1, 0, 0, 0, '', '', 1479093579, 1479692825, 1, 0),
(46, 'enrollment', '招生简章', 0, 1, NULL, 7, 10, '', '', '', '', '', '', '', '2', '', '2', 0, 1, 1, 0, 0, 0, '', '', 1479093602, 1479705682, 1, 0),
(109, 'talent', '招贤榜', 0, 1, NULL, 8, 10, '', '', '', '', '', '', '', '2', '', '2', 0, 1, 1, 0, 0, 0, '', '', 1479801708, 1479801776, 1, 0),
(48, 'xiandaishouhui', '现代手绘简介', 2, 2, 'new_about', 1, 10, '', '', '', '', '', '', '', '2', '', '2', 0, 1, 1, 1, 0, 0, '', '', 1479094289, 1479535867, 1, 0),
(101, 'jianzhuworks', '建筑课程作品', 45, 2, NULL, 6, 10, '', '', '', '', '', '', '', '2', '', '2', 0, 1, 1, 0, 0, 0, '', '', 1479778813, 1479779055, 1, 0),
(55, 'newslist', '新闻', 41, 2, 'new_news', 1, 10, '', '', '', '', '', '', '', '2', '', '2', 0, 1, 1, 0, 0, 0, '', '', 1479098596, 1479542077, 1, 0),
(56, 'zixun', '资讯', 41, 2, 'new_news', 2, 10, '', '', '', '', '', '', '', '2', '', '2', 0, 1, 1, 0, 0, 0, '', '', 1479098619, 1479542155, 1, 0),
(100, 'aboutbanner', '关于我们中的幻灯片', 2, 2, NULL, 2, 10, '', '', '', '', '', '', '', '2', '', '2', 0, 1, 1, 0, 0, 0, '', '', 1479708686, 1479708694, 1, 0),
(98, 'friendlink', '友情链接', 97, 2, NULL, 0, 10, '', '', '', '', '', '', '', '2', '', '2', 0, 1, 1, 0, 0, 0, '', '', 1479703984, 1479703984, 1, 0),
(93, 'notices', '公告', 41, 2, 'new_news', 0, 10, '', '', '', '', '', '', '', '2', '', '2', 0, 1, 1, 0, 0, 0, '', '', 1479537266, 1479542159, 1, 0),
(63, '2015chengji', '2015年成绩', 42, 2, NULL, 2, 10, '', '', '', '', '', '', '', '2', '', '2', 0, 1, 1, 0, 0, 0, '', '', 1479098814, 1479116940, 1, 0),
(64, '2016chengji', '2016年成绩', 42, 2, NULL, 1, 10, '', '', '', '', '', '', '', '2', '', '2', 0, 1, 1, 0, 0, 0, '', '', 1479098832, 1479116935, 1, 0),
(65, 'shizi', '师资团队', 43, 2, 'new_list', 1, 10, '', '', '', '', '', '', '', '2', '', '2', 0, 1, 1, 0, 0, 0, '', '', 1479099057, 1479116989, 1, 0),
(97, 'index', '首页', 0, 1, NULL, 0, 10, '', '', '', '', '', '', '', '2', '', '', 0, 1, 1, 0, 0, 0, '', '', 1479703949, 1479703949, 1, 0),
(96, 'contact', '联系方式', 2, 1, NULL, 5, 10, '', '', '', '', '', '', '', '2', '', '2', 0, 1, 1, 1, 0, 0, '', '', 1479702106, 1479708700, 1, 0),
(95, 'rongyu', '荣誉讲师', 2, 1, NULL, 3, 10, '', '', '', '', '', '', '', '2', '', '2', 0, 1, 1, 0, 0, 0, '', '', 1479702032, 1479708697, 1, 0),
(94, 'huanjing', '教学环境', 2, 1, NULL, 4, 10, '', '', '', '', '', '', '', '2', '', '2', 0, 1, 1, 0, 0, 0, '', '', 1479701981, 1479708699, 1, 0),
(72, 'fuzhuangkecheng', '服装课程', 44, 2, 'class_info', 1, 10, '', '', '', '', '', '', '', '2', '', '2', 0, 1, 1, 1, 0, 0, '', '', 1479099498, 1479716181, 1, 42),
(73, 'jingguangkecheng', '景观课程', 44, 2, 'class_info', 2, 10, '', '', '', '', '', '', '', '2', '', '2', 0, 1, 1, 1, 0, 0, '', '', 1479099520, 1479716351, 1, 43),
(74, 'chengguikecheng', '城规课程', 44, 2, 'class_info', 3, 10, '', '', '', '', '', '', '', '2', '', '2', 0, 1, 1, 1, 0, 0, '', '', 1479099552, 1479716386, 1, 44),
(75, 'shineikecheng', '室内课程', 44, 2, 'class_info', 4, 10, '', '', '', '', '', '', '', '2', '', '2', 0, 1, 1, 1, 0, 0, '', '', 1479099576, 1479716412, 1, 45),
(76, 'gongyekecheng', '工业课程', 44, 2, 'class_info', 5, 10, '', '', '', '', '', '', '', '2', '', '2', 0, 1, 1, 1, 0, 0, '', '', 1479099604, 1479716443, 1, 46),
(77, 'jianzhukecheng', '建筑课程', 44, 2, 'class_info', 6, 10, '', '', '', '', '', '', '', '2', '', '2', 0, 1, 1, 1, 0, 0, '', '', 1479099623, 1479716466, 1, 47),
(78, 'zhaoshengjianjie', '招生帮助', 46, 2, NULL, 1, 10, '', '', '', '', '', '', '', '2', '', '2', 0, 1, 1, 0, 0, 0, '', '', 1479099673, 1479793365, 1, 0),
(79, 'xuefeijianmian', '班级开设', 46, 2, NULL, 2, 10, '', '', '', '', '', '', '', '2', '', '2', 0, 1, 1, 0, 0, 0, '', '', 1479099698, 1479793421, 1, 0),
(108, 'shoufeibiaozhun', '收费标准', 46, 2, 'index', 3, 10, '', '', '', '', '', '', '', '2', '', '2', 0, 1, 1, 0, 0, 0, '', '', 1479793510, 1479793521, 1, 0),
(110, 'talentindex', '招贤榜', 109, 1, NULL, 0, 10, '', '', '', '', '', '', '', '2', '', '2', 0, 1, 1, 1, 0, 0, '', '', 1479801811, 1479801826, 1, 0),
(102, 'jingguangworks', '景观课程作品', 45, 2, NULL, 2, 10, '', '', '', '', '', '', '', '2', '', '2', 0, 1, 1, 0, 0, 0, '', '', 1479778840, 1479779045, 1, 0),
(103, 'chengguiworks', '城规课程作品', 45, 2, NULL, 3, 10, '', '', '', '', '', '', '', '2', '', '2', 0, 1, 1, 0, 0, 0, '', '', 1479778863, 1479779048, 1, 0),
(104, 'shineiworks', '室内课程作品', 45, 2, NULL, 4, 10, '', '', '', '', '', '', '', '2', '', '2', 0, 1, 1, 0, 0, 0, '', '', 1479778888, 1479779051, 1, 0),
(105, 'gongyeworks', '工业课程作品', 45, 2, NULL, 5, 10, '', '', '', '', '', '', '', '2', '', '2', 0, 1, 1, 0, 0, 0, '', '', 1479778915, 1479779053, 1, 0),
(106, 'fuzhuangworks', '服装课程作品', 45, 2, NULL, 1, 10, '', '', '', '', '', '', '', '2', '', '2', 0, 1, 1, 0, 0, 0, '', '', 1479779018, 1479779043, 1, 0),
(107, 'xieshengworks', '写生作品', 45, 2, NULL, 0, 10, '', '', '', '', '', '', '', '2', '', '2', 0, 1, 1, 0, 0, 0, '', '', 1479779126, 1479779126, 1, 0);

-- --------------------------------------------------------

--
-- Table structure for table `gxr_document`
--

CREATE TABLE IF NOT EXISTS `gxr_document` (
  `id` int(10) unsigned NOT NULL AUTO_INCREMENT COMMENT '文档ID',
  `uid` int(10) unsigned NOT NULL DEFAULT '0' COMMENT '用户ID',
  `name` char(40) NOT NULL DEFAULT '' COMMENT '标识',
  `title` char(80) NOT NULL DEFAULT '' COMMENT '标题',
  `category_id` int(10) unsigned NOT NULL COMMENT '所属分类',
  `gotourl` varchar(50) DEFAULT NULL,
  `description` char(140) NOT NULL DEFAULT '' COMMENT '描述',
  `root` int(10) unsigned NOT NULL DEFAULT '0' COMMENT '根节点',
  `pid` int(10) unsigned NOT NULL DEFAULT '0' COMMENT '所属ID',
  `model_id` tinyint(3) unsigned NOT NULL DEFAULT '0' COMMENT '内容模型ID',
  `type` tinyint(3) unsigned NOT NULL DEFAULT '2' COMMENT '内容类型',
  `position` smallint(5) unsigned NOT NULL DEFAULT '0' COMMENT '推荐位',
  `link_id` int(10) unsigned NOT NULL DEFAULT '0' COMMENT '外链',
  `cover_id` int(10) unsigned NOT NULL DEFAULT '0' COMMENT '封面',
  `listdata` varchar(255) DEFAULT NULL,
  `display` tinyint(3) unsigned NOT NULL DEFAULT '1' COMMENT '可见性',
  `deadline` int(10) unsigned NOT NULL DEFAULT '0' COMMENT '截至时间',
  `attach` tinyint(3) unsigned NOT NULL DEFAULT '0' COMMENT '附件数量',
  `view` int(10) unsigned NOT NULL DEFAULT '0' COMMENT '浏览量',
  `comment` int(10) unsigned NOT NULL DEFAULT '0' COMMENT '评论数',
  `extend` int(10) unsigned NOT NULL DEFAULT '0' COMMENT '扩展统计字段',
  `level` int(10) NOT NULL DEFAULT '0' COMMENT '优先级',
  `create_time` int(10) unsigned NOT NULL DEFAULT '0' COMMENT '创建时间',
  `update_time` int(10) unsigned NOT NULL DEFAULT '0' COMMENT '更新时间',
  `status` tinyint(4) NOT NULL DEFAULT '0' COMMENT '数据状态',
  PRIMARY KEY (`id`),
  KEY `idx_category_status` (`category_id`,`status`),
  KEY `idx_status_type_pid` (`status`,`uid`,`pid`)
) ENGINE=MyISAM  DEFAULT CHARSET=utf8 COMMENT='文档模型基础表' AUTO_INCREMENT=171 ;

--
-- Dumping data for table `gxr_document`
--

INSERT INTO `gxr_document` (`id`, `uid`, `name`, `title`, `category_id`, `gotourl`, `description`, `root`, `pid`, `model_id`, `type`, `position`, `link_id`, `cover_id`, `listdata`, `display`, `deadline`, `attach`, `view`, `comment`, `extend`, `level`, `create_time`, `update_time`, `status`) VALUES
(1, 1, '', 'OneThink1.1开发版发布', 2, NULL, '期待已久的OneThink最新版发布', 0, 0, 2, 2, 0, 0, 0, NULL, 1, 0, 0, 8, 0, 0, 0, 1406001413, 1406001413, 1),
(2, 1, '', 'sdsdf', 2, NULL, '', 0, 0, 2, 2, 0, 0, 0, NULL, 1, 0, 0, 0, 0, 0, 0, 1410504960, 1410509636, 1),
(3, 1, '', '飒飒是短发撒旦法', 2, NULL, '', 0, 0, 2, 2, 0, 0, 0, NULL, 1, 0, 0, 0, 0, 0, 0, 1478932451, 1478932451, 1),
(4, 1, '', '这是一个品牌故事', 49, NULL, 'asdfasdfadf', 0, 0, 2, 2, 0, 0, 2, NULL, 1, 0, 0, 0, 0, 0, 0, 1479103560, 1479110262, -1),
(5, 1, '', '学校简介', 48, 'about_index', 'asdfasdfasdfasdfadsffff', 0, 0, 2, 2, 0, 0, 1, NULL, 1, 0, 0, 0, 0, 0, 0, 1479105240, 1479114077, -1),
(6, 1, '', '品牌故事22', 49, NULL, '阿萨德发撒旦法撒旦法撒旦法是发', 0, 0, 2, 2, 0, 0, 1, NULL, 1, 0, 0, 0, 0, 0, 0, 1479113400, 1479113476, -1),
(7, 1, '', '团队单页', 50, NULL, '的发达是否', 0, 0, 2, 2, 0, 0, 0, NULL, 1, 0, 0, 0, 0, 0, 0, 1479115620, 1479115709, -1),
(8, 1, '', 'asdfasdfsdf', 51, NULL, 'asdfasdfasdf', 0, 0, 2, 2, 0, 0, 3, NULL, 1, 0, 0, 0, 0, 0, 0, 1479115800, 1479115844, -1),
(9, 1, '', '校园风光', 52, NULL, 'adfasdfasdfasdf', 0, 0, 2, 2, 0, 0, 0, NULL, 1, 0, 0, 0, 0, 0, 0, 1479174163, 1479174163, -1),
(10, 1, '', 'asdfasdfasdf', 54, NULL, 'asdfasdfasdfasdf', 0, 0, 2, 2, 0, 0, 0, NULL, 1, 0, 0, 0, 0, 0, 0, 1479174262, 1479174262, -1),
(11, 1, '', 'asdsd', 55, NULL, 'asdasdasdfasdf', 0, 0, 2, 2, 0, 0, 1, NULL, 1, 0, 0, 17, 0, 0, 0, 1479174420, 1479191146, 1),
(12, 1, '', '活动222', 56, NULL, '', 0, 0, 2, 2, 0, 0, 0, NULL, 1, 0, 0, 0, 0, 0, 0, 1479174840, 1479176486, -1),
(13, 1, '', '活动', 56, NULL, 'asdfasdfasdfsdfasdfasdfasdfasdf', 0, 0, 2, 2, 0, 0, 0, NULL, 1, 0, 0, 0, 0, 0, 0, 1479175560, 1479192518, -1),
(17, 1, '', '2016成绩111', 64, NULL, '', 0, 0, 2, 2, 0, 0, 0, NULL, 1, 0, 0, 0, 0, 0, 0, 1479178397, 1479178397, 1),
(15, 1, '', 'asdfasd', 48, NULL, 'asdfasdf', 0, 0, 2, 2, 0, 0, 0, NULL, 1, 0, 0, 0, 0, 0, 0, 1479176043, 1479176043, -1),
(16, 1, '', '现代手绘简介', 48, NULL, ' ​杭州五域文化创意有限公司是由中国美术学院风景建筑设计研究院现代设计研究所景观和室内设计总监李红伟先生发起。公司以中国美术学院和中国美院风景院为学术和技术依托!', 0, 0, 2, 2, 0, 0, 0, NULL, 1, 0, 0, 38, 0, 0, 0, 1479176280, 1479711316, 1),
(18, 1, '', 'asdsadsad', 65, NULL, 'asdfasdfasdf', 0, 0, 2, 2, 0, 0, 8, NULL, 1, 0, 0, 0, 0, 0, 0, 1479178680, 1479526378, -1),
(19, 1, '', '作品赏析11111', 66, NULL, '', 0, 0, 2, 2, 0, 0, 0, NULL, 1, 0, 0, 0, 0, 0, 0, 1479178789, 1479178789, 1),
(20, 1, '', '服装课程', 72, NULL, '撒旦法撒旦法撒旦法', 0, 0, 2, 2, 0, 0, 48, NULL, 1, 0, 0, 5, 0, 0, 0, 1479178800, 1479776678, 1),
(21, 1, '', '报名咨询', 78, NULL, '报名咨询', 0, 0, 2, 2, 0, 0, 125, '手绘咨询：{{QQ_1}}\r\n手绘咨询：{{QQ_2}}\r\n咨询电话：13777462761（李老师）\r\n免费咨询：400-086-3597\r\n报名方式：1、研究中心报名 2、网站报名 3、活动现场报名\r\n', 1, 0, 0, 0, 0, 0, 7, 1479179520, 1479794900, 1),
(168, 1, '', '招贤榜', 110, NULL, '招贤榜', 0, 0, 2, 2, 0, 0, 0, '', 1, 0, 0, 0, 0, 0, 0, 1479801840, 1479802390, 1),
(23, 1, '', '现代手绘新闻2', 55, NULL, '是大事的发生地方', 0, 0, 2, 2, 0, 0, 4, NULL, 1, 0, 0, 0, 0, 0, 0, 1479191460, 1479191538, 1),
(24, 1, '', '新闻2222444', 55, NULL, '阿斯达撒旦法是', 0, 0, 2, 2, 0, 0, 3, NULL, 1, 0, 0, 3, 0, 0, 0, 1479191640, 1479191670, 1),
(78, 1, '', '城规课程', 74, NULL, '城规课程', 0, 0, 2, 2, 0, 0, 50, NULL, 1, 0, 0, 0, 0, 0, 0, 1479778264, 1479778264, 1),
(25, 1, '', 'asdfasdf活动', 56, NULL, 'adfasdfasdfasdf', 0, 0, 2, 2, 0, 0, 0, NULL, 1, 0, 0, 0, 0, 0, 0, 1479457494, 1479457494, -1),
(26, 1, '', '活动地对地导弹', 56, NULL, '啊撒旦法撒旦法', 0, 0, 2, 2, 0, 0, 0, NULL, 1, 0, 0, 0, 0, 0, 0, 1479459381, 1479459381, -1),
(27, 1, '', '师资介绍2', 72, NULL, '啊撒旦法撒旦法是的飞', 0, 0, 2, 2, 0, 0, 2, NULL, 1, 0, 0, 0, 0, 0, 0, 1479525796, 1479525796, -1),
(28, 1, '', '专业里的师资介绍', 65, NULL, '专业里的师资介绍专业里的师资介绍专业里的师资介绍', 0, 0, 2, 2, 0, 0, 2, NULL, 1, 0, 0, 0, 0, 0, 0, 1479525966, 1479525966, -1),
(29, 1, '', '李红伟2014年6月10日在武汉科技大学讲座', 93, NULL, '2014 年6月10日应武汉科技大学艺术学部邀请.中国美术学院现代设计研究所副所长兼景观设计总监李红伟先生对设计专业学生进行讲座！题目为《设计可以这么 “玩”》。\r\n\r\n', 0, 0, 2, 2, 0, 0, 0, NULL, 1, 0, 0, 1, 0, 0, 0, 1479537694, 1479537694, 1),
(30, 1, '', '如何选择手绘培训班', 93, NULL, '兴趣。学习者本身要对手绘这个行业感兴趣，加上努力就可以事半功倍', 0, 0, 2, 2, 0, 0, 0, NULL, 1, 0, 0, 9, 0, 0, 0, 1479538220, 1479538220, 1),
(31, 1, '', '2016年现代手绘暑假培训指南', 93, NULL, '第一部分 交通指南\r\n上课地址：  杭州-余杭-五常大道156号西溪创意园\r\n（周边公交站：五常大道联胜路口）\r\n交通路线：\r\n1、机场大巴1号线（至武林门民航售票处）——五常大道联胜路口\r\n', 0, 0, 2, 2, 0, 0, 0, NULL, 1, 0, 0, 1, 0, 0, 0, 1479541231, 1479541231, 1),
(32, 1, '', '我院顺利召开菲利普•比斯利先生《HYLOZOIC SPRING》讲座', 93, NULL, '2013 年9月13日下午，由中国美术学院风景建筑设计研究院、浙江省环境艺术家协会主办，特邀加拿大多伦多跨学科设计公司菲利普·比斯利（Philip Beesley）建筑的负责人菲利普·比斯利（Philip Beesley）先生来到我院一楼“设计', 0, 0, 2, 2, 0, 0, 0, NULL, 1, 0, 0, 0, 0, 0, 0, 1479541339, 1479541339, 1),
(33, 1, '', '唐小玲女士“交响乐演奏创作与设计创作对话”讲座在我院成功举办', 93, NULL, '2013 年9月12日下午，我院特邀浙江交响乐团首席小提琴演奏家、浙江音乐家协会小提琴学会副会长、国家一级演奏员唐小玲女士携助理黄昱升先生在一楼“设计艺术 大学堂”进行了《交响乐演奏创作与设计创作对话》讲座', 0, 0, 2, 2, 0, 0, 0, NULL, 1, 0, 0, 0, 0, 0, 0, 1479541401, 1479541401, 1),
(34, 1, '', '中国美术学院风景建筑设计研究院2013年年中建筑技术交流会隆重召开', 93, NULL, '2013 年8月2日下午，我院在西溪天堂商业区外婆家概念店举行2013年年中建筑技术交流会。   会议由中国美术学院风景建筑设计研究院副总建筑师金捷（第三建筑设计所所长）主持，外婆家总裁吴国平先生首先致辞，欢迎我院建筑设计师们在新店开张前来此 相聚', 0, 0, 2, 2, 0, 0, 0, NULL, 1, 0, 0, 1, 0, 0, 0, 1479541464, 1479541464, 1),
(35, 1, '', '《杭州现代手绘培训中心2016年暑假班招生简章》的答疑', 93, NULL, '​近期有很多来自全国各地的学生通过电话和留言等各种形式咨询《杭州现代手绘培训中心2016年暑假班招生简章》（以下简称现代手绘2016年招生）的事宜，为了节省李老师和各位学生的宝贵时间，小编整理了最近', 0, 0, 2, 2, 0, 0, 0, NULL, 1, 0, 0, 0, 0, 0, 0, 1479541577, 1479541577, 1),
(36, 1, '', '同济大学建筑设计研究院招聘', 56, NULL, '同济大学建筑设计研究院(集团)有限公司成立于1958年，是全国知名的集团化管理的特大型甲级设计单位。持有国家建设主管部门颁发的建筑、市政、桥梁、公 路、岩土、地质、风景园林、环境污染防', 0, 0, 2, 2, 0, 0, 0, NULL, 1, 0, 0, 7, 0, 0, 0, 1479542786, 1479542786, 1),
(37, 1, '', '当代中国建筑设计百家名院名单', 56, NULL, '中国电子工程设计院\r\n中国中元国际工程公司\r\n中国建筑科学研究院\r\n中国五洲工程设计有限公司\r\n中国兵器工业北方工程设计研究院有限公司\r\n中广电广播电影电视设计研究院\r\n中科院建筑设计研究院有限公司', 0, 0, 2, 2, 0, 0, 0, NULL, 1, 0, 0, 3, 0, 0, 0, 1479542875, 1479542875, 1),
(38, 1, '', '全球3D打印建筑亮相上海（全球首发）', 56, NULL, '让建筑垃圾、工业垃圾、尾矿变废为宝;让未来的建筑不再产生建筑垃圾;让未来的建筑工人做更体面的工作;让建筑成本降低50%，让世界上更多的人住得起房子。', 0, 0, 2, 2, 0, 0, 0, NULL, 1, 0, 0, 0, 0, 0, 0, 1479542934, 1479542934, 1),
(39, 1, '', '2014年IFLA学生设计竞赛启动', 56, NULL, '国际风景园林师联合会（IFLA）学生设计竞赛于今日发布公告，竞赛的中心思想是“思考并行动——地球、家园、景观”，竞赛的主题是', 0, 0, 2, 2, 0, 0, 0, NULL, 1, 0, 0, 0, 0, 0, 0, 1479544451, 1479544451, 1),
(40, 1, '', '“天作奖（TEAMZERO）”大学生建筑设计竞赛', 56, NULL, '未 来的建筑师们，当你们毕业的时候，开始你们的建筑实践生涯，你们所面临的大多数任务可能已经不再是宏大规模的设计与建造，这些工作已经在过去的十几二十年 里被你们', 0, 0, 2, 2, 0, 0, 0, NULL, 1, 0, 0, 0, 0, 0, 0, 1479544493, 1479544493, 1),
(41, 1, '', 'Autodesk Revit杯全国大学生可持续建筑设计竞赛', 56, NULL, '大学校园是莘莘学子海纳知识、培养品格、挥洒智慧的心灵家园，是青春时光的记忆宝藏。大学是一个小社会，却映衬着大时代。每一个建筑系学生都会有一个梦想——用自己的双手设计和建造美好未来', 0, 0, 2, 2, 0, 0, 0, NULL, 1, 0, 0, 0, 0, 0, 0, 1479544531, 1479544531, 1),
(42, 1, '', '美国MCM国际设计公司（2015实习岗位）', 56, NULL, '公司招聘2014年毕业应届毕业硕士研究生，经北京办公室面试合格后需先在北京办公室实习2个月了解公司项目情况，经北京办公室实习考核通过后，可到美国洛杉矶总部实习6个月', 0, 0, 2, 2, 0, 0, 0, NULL, 1, 0, 0, 9, 0, 0, 0, 1479544584, 1479544584, 1),
(43, 1, '', '上海中建建筑设计院有限公司总院（2014校园招聘）', 56, NULL, '上海中建建筑设计院有限公司上海总部', 0, 0, 2, 2, 0, 0, 0, NULL, 1, 0, 0, 0, 0, 0, 0, 1479544652, 1479544652, 1),
(44, 1, '', '赵阳', 65, NULL, '中国美术学院教授、博导\r\n中国美术学院设计艺术学院副院长\r\n中国美术学院现代设计研究所所长\r\n现代手绘研究中心总顾问\r\n', 0, 0, 2, 2, 0, 0, 13, '中国美术学院教授、博导\r\n中国美术学院设计艺术学院副院长\r\n中国美术学院现代设计研究所所长\r\n现代手绘研究中心总顾问', 1, 0, 0, 7, 0, 0, 10, 1479544860, 1479808725, 1),
(45, 1, '', '李涛', 65, NULL, '现代手绘研究中心首席导师\r\n中国美术学院风景建筑设计研究院方式设计机构副理事长\r\n杭州HOD酒吧、现场酒吧总设计师兼老板\r\n国家高级室内建筑师\r\n浙江省建筑装饰协会会员', 0, 0, 2, 2, 0, 0, 14, NULL, 1, 0, 0, 0, 0, 0, 1, 1479545040, 1479545125, 1),
(46, 1, '', '周东红', 65, NULL, '中国美术学院副教授\r\n现代手绘研究中心主任', 0, 0, 2, 2, 0, 0, 15, NULL, 1, 0, 0, 0, 0, 0, 2, 1479545237, 1479545237, 1),
(47, 1, '', '李红伟', 65, NULL, '注册高级室内建筑师\r\n园林工程师\r\n现代手绘研究中心副主任\r\n中国美术学院风景建筑设计研究院现代设计研究所副所长兼景观设计总监\r\n杭州五域文化创意有限公司执行董事', 0, 0, 2, 2, 0, 0, 16, NULL, 1, 0, 0, 0, 0, 0, 3, 1479545280, 1479545315, 1),
(48, 1, '', '诸葛连福', 65, NULL, '毕业于中国美术学院\r\n注册高级室内建筑师\r\n园林工程师\r\n现代手绘研究中心副主任\r\n杭州五域文化创意合伙人\r\n\r\n\r\n', 0, 0, 2, 2, 0, 0, 17, NULL, 1, 0, 0, 0, 0, 0, 4, 1479545340, 1479545398, 1),
(49, 1, '', '谷伟', 65, NULL, '2007年毕业于中国美术学院\r\n杭州现代手绘研究中心主教\r\n原中国美术学院风景建筑设计研究院主任室内设计师\r\n现为杭州瑜作环境艺术设计有限公司 总经理', 0, 0, 2, 2, 0, 0, 18, NULL, 1, 0, 0, 0, 0, 0, 5, 1479687342, 1479687342, 1),
(50, 1, '', '吴燕杰', 65, NULL, '2006年毕业于云南艺术学院\r\n杭州现代手绘研究中心室内主教\r\n中国美术学院风景建筑设计研究院   室内主创设计师', 0, 0, 2, 2, 0, 0, 19, NULL, 1, 0, 0, 0, 0, 0, 6, 1479687440, 1479687440, 1),
(51, 1, '', '楼丹妮', 65, NULL, '现代手绘研究中心主教\r\n\r\n杭州下沙教学点负责人', 0, 0, 2, 2, 0, 0, 20, NULL, 1, 0, 0, 0, 0, 0, 7, 1479687420, 1479687652, 1),
(77, 1, '', '景观课程', 73, NULL, '景观课程景观课程', 0, 0, 2, 2, 0, 0, 49, NULL, 1, 0, 0, 0, 0, 0, 0, 1479778238, 1479778238, 1),
(52, 1, '', '吕昌江', 65, NULL, '杭州现代手绘研究中心景观主教\r\n中国美术学院风景建筑设计研究院景观主任设计师', 0, 0, 2, 2, 0, 0, 21, NULL, 1, 0, 0, 0, 0, 0, 8, 1479687714, 1479687714, 1),
(53, 1, '', '罗观', 65, NULL, '毕业于武汉科技大学 \r\n现代手绘研究中心室内主教\r\n现任职于国美方式设计机构室内设计师\r\n湖北皆景建筑设计咨询有限公司 设计总监', 0, 0, 2, 2, 0, 0, 22, NULL, 1, 0, 0, 0, 0, 0, 9, 1479687720, 1479714645, 1),
(54, 1, '', '浙江城建园林设计院', 98, NULL, 'http://www.cjylsjy.com/', 0, 0, 2, 2, 0, 0, 23, NULL, 1, 0, 0, 0, 0, 0, 4, 1479706470, 1479706470, 1),
(55, 1, '', '中国美术学院风景建筑设计研究院官网', 98, NULL, 'http://www.caaladi.com/', 0, 0, 2, 2, 0, 0, 24, NULL, 1, 0, 0, 0, 0, 0, 1, 1479706860, 1479706955, 1),
(56, 1, '', '联纵国际', 98, NULL, 'http://www.lig99.cn/', 0, 0, 2, 2, 0, 0, 25, NULL, 1, 0, 0, 0, 0, 0, 2, 1479707117, 1479707117, 1),
(57, 1, '', '浙江大学建筑设计研究院有限公司', 98, NULL, 'http://www.zuadr.com/', 0, 0, 2, 2, 0, 0, 26, NULL, 1, 0, 0, 0, 0, 0, 3, 1479707228, 1479707228, 1),
(58, 1, '', '浙江工业大学工程设计集团有限公司', 98, NULL, 'http://www.zjutadr.com/', 0, 0, 2, 2, 0, 0, 27, NULL, 1, 0, 0, 0, 0, 0, 0, 1479707400, 1479707499, 1),
(59, 1, '', '浙江工业大学工程设计集团有限公司', 98, NULL, 'http://www.zjutadr.com/', 0, 0, 2, 2, 0, 0, 0, NULL, 1, 0, 0, 0, 0, 0, 0, 1479707452, 1479707452, 3),
(60, 1, '', '浙江省现代建筑设计研究院有限公司', 98, NULL, 'http://www.zma.cn/', 0, 0, 2, 2, 0, 0, 28, NULL, 1, 0, 0, 0, 0, 0, 0, 1479707615, 1479707615, 1),
(61, 1, '', '浙江新中环建筑设计有限公司', 98, NULL, '/#', 0, 0, 2, 2, 0, 0, 29, NULL, 1, 0, 0, 0, 0, 0, 0, 1479707729, 1479707729, 1),
(62, 1, '', '福州市设计规划研究院', 98, NULL, '/#', 0, 0, 2, 2, 0, 0, 30, NULL, 1, 0, 0, 0, 0, 0, 0, 1479707816, 1479707816, 1),
(63, 1, '', '华东建筑设计总院', 98, NULL, '/#', 0, 0, 2, 2, 0, 0, 31, NULL, 1, 0, 0, 0, 0, 0, 0, 1479707885, 1479707885, 1),
(64, 1, '', '北京市城市规划设计院', 98, NULL, '/#', 0, 0, 2, 2, 0, 0, 32, NULL, 1, 0, 0, 0, 0, 0, 0, 1479707949, 1479707949, 1),
(65, 1, '', '关于我们中的幻灯片1', 100, NULL, '', 0, 0, 2, 2, 0, 0, 33, NULL, 1, 0, 0, 0, 0, 0, 0, 1479708929, 1479708929, 1),
(66, 1, '', '关于我们中的幻灯片2', 100, NULL, '关于我们中的幻灯片2', 0, 0, 2, 2, 0, 0, 34, NULL, 1, 0, 0, 0, 0, 0, 0, 1479711112, 1479711112, -1),
(67, 1, '', '荣誉讲师1', 95, NULL, '荣誉讲师1', 0, 0, 2, 2, 0, 0, 35, NULL, 1, 0, 0, 0, 0, 0, 0, 1479711780, 1479712526, 1),
(68, 1, '', '荣誉讲师2', 95, NULL, '荣誉讲师2', 0, 0, 2, 2, 0, 0, 36, NULL, 1, 0, 0, 0, 0, 0, 0, 1479712200, 1479712508, 1),
(69, 1, '', '荣誉讲师3', 95, NULL, '荣誉讲师3', 0, 0, 2, 2, 0, 0, 36, NULL, 1, 0, 0, 0, 0, 0, 0, 1479712620, 1479712637, 1),
(70, 1, '', '荣誉讲师4', 95, NULL, '荣誉讲师4', 0, 0, 2, 2, 0, 0, 35, '教授\r\n手绘', 1, 0, 0, 0, 0, 0, 0, 1479712620, 1479890274, 1),
(71, 1, '', '环境1', 94, NULL, '环境1', 0, 0, 2, 2, 0, 0, 37, NULL, 1, 0, 0, 0, 0, 0, 0, 1479712932, 1479712932, 1),
(72, 1, '', '环境2', 94, NULL, '环境2', 0, 0, 2, 2, 0, 0, 38, NULL, 1, 0, 0, 0, 0, 0, 0, 1479712961, 1479712961, 1),
(73, 1, '', '环境3', 94, NULL, '环境3', 0, 0, 2, 2, 0, 0, 39, NULL, 1, 0, 0, 0, 0, 0, 0, 1479712993, 1479712993, 1),
(74, 1, '', '环境4', 94, NULL, '环境4', 0, 0, 2, 2, 0, 0, 40, NULL, 1, 0, 0, 0, 0, 0, 0, 1479713021, 1479713021, 1),
(75, 1, '', '环境5', 94, NULL, '环境5', 0, 0, 2, 2, 0, 0, 41, NULL, 1, 0, 0, 0, 0, 0, 0, 1479713045, 1479713045, 1),
(76, 1, '', '联系方式', 96, NULL, '联系方式', 0, 0, 2, 2, 0, 0, 0, NULL, 1, 0, 0, 0, 0, 0, 0, 1479713520, 1479714173, 1),
(79, 1, '', '室内课程', 75, NULL, '室内课程', 0, 0, 2, 2, 0, 0, 51, NULL, 1, 0, 0, 0, 0, 0, 0, 1479778293, 1479778293, 1),
(80, 1, '', '工业课程', 76, NULL, '工业课程', 0, 0, 2, 2, 0, 0, 52, NULL, 1, 0, 0, 0, 0, 0, 0, 1479778316, 1479778316, 1),
(81, 1, '', '建筑课程', 77, NULL, '建筑课程', 0, 0, 2, 2, 0, 0, 53, NULL, 1, 0, 0, 0, 0, 0, 0, 1479778342, 1479778342, 1),
(82, 1, '', '写生13', 107, NULL, '写生13', 0, 0, 2, 2, 0, 0, 54, NULL, 1, 0, 0, 0, 0, 0, 0, 1479779223, 1479779223, 1),
(83, 1, '', '写生12', 107, NULL, '写生12', 0, 0, 2, 2, 0, 0, 55, NULL, 1, 0, 0, 0, 0, 0, 0, 1479780820, 1479780820, 1),
(84, 1, '', '写生11', 107, NULL, '写生11', 0, 0, 2, 2, 0, 0, 56, NULL, 1, 0, 0, 0, 0, 0, 0, 1479780843, 1479780843, 1),
(85, 1, '', '写生10', 107, NULL, '写生10', 0, 0, 2, 2, 0, 0, 57, NULL, 1, 0, 0, 0, 0, 0, 0, 1479780863, 1479780863, 1),
(86, 1, '', '写生09', 107, NULL, '写生09', 0, 0, 2, 2, 0, 0, 58, NULL, 1, 0, 0, 0, 0, 0, 0, 1479780889, 1479780889, 1),
(87, 1, '', '写生08', 107, NULL, '写生08', 0, 0, 2, 2, 0, 0, 59, NULL, 1, 0, 0, 0, 0, 0, 0, 1479780908, 1479780908, 1),
(88, 1, '', '写生07', 107, NULL, '写生07', 0, 0, 2, 2, 0, 0, 60, NULL, 1, 0, 0, 0, 0, 0, 0, 1479780926, 1479780926, 1),
(89, 1, '', '写生06', 107, NULL, '写生06', 0, 0, 2, 2, 0, 0, 61, NULL, 1, 0, 0, 0, 0, 0, 0, 1479780947, 1479780947, 1),
(90, 1, '', '写生05', 107, NULL, '写生05', 0, 0, 2, 2, 0, 0, 62, NULL, 1, 0, 0, 0, 0, 0, 0, 1479780969, 1479780969, 1),
(91, 1, '', '写生04', 107, NULL, '写生04', 0, 0, 2, 2, 0, 0, 63, NULL, 1, 0, 0, 0, 0, 0, 0, 1479780991, 1479780991, 1),
(92, 1, '', '写生03', 107, NULL, '写生03', 0, 0, 2, 2, 0, 0, 64, NULL, 1, 0, 0, 0, 0, 0, 0, 1479781010, 1479781010, 1),
(93, 1, '', '写生02', 107, NULL, '写生02', 0, 0, 2, 2, 0, 0, 65, NULL, 1, 0, 0, 0, 0, 0, 0, 1479781027, 1479781027, 1),
(94, 1, '', '写生01', 107, NULL, '写生01', 0, 0, 2, 2, 0, 0, 66, NULL, 1, 0, 0, 0, 0, 0, 0, 1479781045, 1479781045, 1),
(95, 1, '', '服装01', 106, NULL, '服装01', 0, 0, 2, 2, 0, 0, 67, NULL, 1, 0, 0, 0, 0, 0, 0, 1479782770, 1479782770, 1),
(96, 1, '', '服装02', 106, NULL, '服装02', 0, 0, 2, 2, 0, 0, 68, NULL, 1, 0, 0, 0, 0, 0, 0, 1479783004, 1479783004, 1),
(97, 1, '', '服装03', 106, NULL, '服装03', 0, 0, 2, 2, 0, 0, 69, NULL, 1, 0, 0, 0, 0, 0, 0, 1479783029, 1479783029, 1),
(98, 1, '', '服装04', 106, NULL, '服装04', 0, 0, 2, 2, 0, 0, 70, NULL, 1, 0, 0, 0, 0, 0, 0, 1479783078, 1479783078, 1),
(99, 1, '', '景观01', 102, NULL, '景观01', 0, 0, 2, 2, 0, 0, 71, NULL, 1, 0, 0, 0, 0, 0, 0, 1479783415, 1479783415, 1),
(100, 1, '', '景观02', 102, NULL, '景观02', 0, 0, 2, 2, 0, 0, 72, NULL, 1, 0, 0, 0, 0, 0, 0, 1479783436, 1479783436, 1),
(101, 1, '', '景观03', 102, NULL, '景观03', 0, 0, 2, 2, 0, 0, 73, NULL, 1, 0, 0, 0, 0, 0, 0, 1479783456, 1479783456, 1),
(102, 1, '', '景观04', 102, NULL, '景观04', 0, 0, 2, 2, 0, 0, 74, NULL, 1, 0, 0, 0, 0, 0, 0, 1479783480, 1479783480, 1),
(103, 1, '', '景观05', 102, NULL, '景观05', 0, 0, 2, 2, 0, 0, 74, NULL, 1, 0, 0, 0, 0, 0, 0, 1479783516, 1479783516, 1),
(104, 1, '', '景观06', 102, NULL, '景观06', 0, 0, 2, 2, 0, 0, 75, NULL, 1, 0, 0, 0, 0, 0, 0, 1479783539, 1479783539, 1),
(105, 1, '', '景观07', 102, NULL, '景观07', 0, 0, 2, 2, 0, 0, 76, NULL, 1, 0, 0, 0, 0, 0, 0, 1479783559, 1479783559, 1),
(106, 1, '', '城规01', 103, NULL, '城规01', 0, 0, 2, 2, 0, 0, 77, NULL, 1, 0, 0, 0, 0, 0, 0, 1479783643, 1479783643, 1),
(107, 1, '', '城规02', 103, NULL, '城规02', 0, 0, 2, 2, 0, 0, 78, NULL, 1, 0, 0, 0, 0, 0, 0, 1479783662, 1479783662, 1),
(108, 1, '', '城规03', 103, NULL, '城规03', 0, 0, 2, 2, 0, 0, 79, NULL, 1, 0, 0, 0, 0, 0, 0, 1479783681, 1479783681, 1),
(109, 1, '', '城规04', 103, NULL, '城规04', 0, 0, 2, 2, 0, 0, 80, NULL, 1, 0, 0, 0, 0, 0, 0, 1479783703, 1479783703, 1),
(110, 1, '', '室内01', 104, NULL, '室内01', 0, 0, 2, 2, 0, 0, 81, NULL, 1, 0, 0, 0, 0, 0, 0, 1479783741, 1479783741, 1),
(111, 1, '', '室内02', 104, NULL, '室内02', 0, 0, 2, 2, 0, 0, 82, NULL, 1, 0, 0, 0, 0, 0, 0, 1479783762, 1479783762, 1),
(112, 1, '', '室内03', 104, NULL, '室内03', 0, 0, 2, 2, 0, 0, 83, NULL, 1, 0, 0, 0, 0, 0, 0, 1479783788, 1479783788, 1),
(113, 1, '', '室内04', 104, NULL, '室内04', 0, 0, 2, 2, 0, 0, 84, NULL, 1, 0, 0, 0, 0, 0, 0, 1479783805, 1479783805, 1),
(114, 1, '', '室内05', 104, NULL, '室内05', 0, 0, 2, 2, 0, 0, 85, NULL, 1, 0, 0, 0, 0, 0, 0, 1479783820, 1479783820, 1),
(115, 1, '', '室内06', 104, NULL, '室内06', 0, 0, 2, 2, 0, 0, 86, NULL, 1, 0, 0, 0, 0, 0, 0, 1479783836, 1479783836, 1),
(116, 1, '', '工业01', 105, NULL, '工业01', 0, 0, 2, 2, 0, 0, 87, NULL, 1, 0, 0, 0, 0, 0, 0, 1479783868, 1479783868, 1),
(117, 1, '', '工业02', 105, NULL, '工业02', 0, 0, 2, 2, 0, 0, 88, NULL, 1, 0, 0, 0, 0, 0, 0, 1479783892, 1479783892, 1),
(118, 1, '', '工业03', 105, NULL, '工业03', 0, 0, 2, 2, 0, 0, 89, NULL, 1, 0, 0, 0, 0, 0, 0, 1479783913, 1479783913, 1),
(119, 1, '', '工业04', 105, NULL, '工业04', 0, 0, 2, 2, 0, 0, 90, NULL, 1, 0, 0, 0, 0, 0, 0, 1479783938, 1479783938, 1),
(120, 1, '', '工业05', 105, NULL, '工业05', 0, 0, 2, 2, 0, 0, 91, NULL, 1, 0, 0, 0, 0, 0, 0, 1479783900, 1479783974, 1),
(121, 1, '', '工业06', 105, NULL, '工业06', 0, 0, 2, 2, 0, 0, 92, NULL, 1, 0, 0, 0, 0, 0, 0, 1479783998, 1479783998, 1),
(122, 1, '', '建筑01', 101, NULL, '建筑01', 0, 0, 2, 2, 0, 0, 93, NULL, 1, 0, 0, 0, 0, 0, 0, 1479784036, 1479784036, 1),
(123, 1, '', '建筑02', 101, NULL, '建筑02', 0, 0, 2, 2, 0, 0, 94, NULL, 1, 0, 0, 0, 0, 0, 0, 1479784095, 1479784095, 1),
(124, 1, '', '建筑03', 101, NULL, '建筑03​', 0, 0, 2, 2, 0, 0, 95, NULL, 1, 0, 0, 0, 0, 0, 0, 1479784172, 1479784172, 1),
(125, 1, '', '建筑04', 101, NULL, '建筑04', 0, 0, 2, 2, 0, 0, 96, NULL, 1, 0, 0, 0, 0, 0, 0, 1479784193, 1479784193, 1),
(126, 1, '', '建筑05', 101, NULL, '建筑05', 0, 0, 2, 2, 0, 0, 97, NULL, 1, 0, 0, 0, 0, 0, 0, 1479784215, 1479784215, 1),
(127, 1, '', '建筑06', 101, NULL, '建筑06', 0, 0, 2, 2, 0, 0, 98, NULL, 1, 0, 0, 0, 0, 0, 0, 1479785413, 1479785413, 1),
(128, 1, '', '建筑07', 101, NULL, '建筑07', 0, 0, 2, 2, 0, 0, 99, NULL, 1, 0, 0, 0, 0, 0, 0, 1479785435, 1479785435, 1),
(129, 1, '', '建筑08', 101, NULL, '建筑08', 0, 0, 2, 2, 0, 0, 100, NULL, 1, 0, 0, 0, 0, 0, 0, 1479785460, 1479785460, 1),
(130, 1, '', '建筑09', 101, NULL, '建筑09', 0, 0, 2, 2, 0, 0, 101, NULL, 1, 0, 0, 0, 0, 0, 0, 1479785489, 1479785489, 1),
(131, 1, '', '建筑10', 101, NULL, '建筑10', 0, 0, 2, 2, 0, 0, 102, NULL, 1, 0, 0, 0, 0, 0, 0, 1479785509, 1479785509, 1),
(132, 1, '', '建筑11', 101, NULL, '建筑11', 0, 0, 2, 2, 0, 0, 103, NULL, 1, 0, 0, 0, 0, 0, 0, 1479785667, 1479785667, 1),
(133, 1, '', '建筑12', 101, NULL, '建筑12', 0, 0, 2, 2, 0, 0, 104, NULL, 1, 0, 0, 0, 0, 0, 0, 1479785687, 1479785687, 1),
(134, 1, '', '建筑13', 101, NULL, '建筑13', 0, 0, 2, 2, 0, 0, 105, NULL, 1, 0, 0, 0, 0, 0, 0, 1479785704, 1479785704, 1),
(135, 1, '', '建筑14', 101, NULL, '建筑14', 0, 0, 2, 2, 0, 0, 106, NULL, 1, 0, 0, 0, 0, 0, 0, 1479785722, 1479785722, 1),
(136, 1, '', '工业07', 105, NULL, '工业07', 0, 0, 2, 2, 0, 0, 107, NULL, 1, 0, 0, 0, 0, 0, 0, 1479785796, 1479785796, 1),
(137, 1, '', '工业08', 105, NULL, '工业08', 0, 0, 2, 2, 0, 0, 108, NULL, 1, 0, 0, 0, 0, 0, 0, 1479785817, 1479785817, 1),
(138, 1, '', '工业09', 105, NULL, '工业09', 0, 0, 2, 2, 0, 0, 109, NULL, 1, 0, 0, 0, 0, 0, 0, 1479785837, 1479785837, 1),
(139, 1, '', '工业10', 105, NULL, '工业10', 0, 0, 2, 2, 0, 0, 110, NULL, 1, 0, 0, 0, 0, 0, 0, 1479785855, 1479785855, 1),
(140, 1, '', '工业11', 105, NULL, '工业11', 0, 0, 2, 2, 0, 0, 111, NULL, 1, 0, 0, 0, 0, 0, 0, 1479785873, 1479785873, 1),
(141, 1, '', '景观08', 102, NULL, '景观08', 0, 0, 2, 2, 0, 0, 112, NULL, 1, 0, 0, 0, 0, 0, 0, 1479785981, 1479785981, 1),
(142, 1, '', '景观09', 102, NULL, '景观09', 0, 0, 2, 2, 0, 0, 113, NULL, 1, 0, 0, 0, 0, 0, 0, 1479786004, 1479786004, 1),
(143, 1, '', '景观10', 102, NULL, '景观10', 0, 0, 2, 2, 0, 0, 114, NULL, 1, 0, 0, 0, 0, 0, 0, 1479786022, 1479786022, 1),
(144, 1, '', '景观11', 102, NULL, '景观11', 0, 0, 2, 2, 0, 0, 115, NULL, 1, 0, 0, 0, 0, 0, 0, 1479786038, 1479786038, 1),
(145, 1, '', '景观12', 102, NULL, '景观12', 0, 0, 2, 2, 0, 0, 116, NULL, 1, 0, 0, 0, 0, 0, 0, 1479786058, 1479786058, 1),
(146, 1, '', '景观13', 102, NULL, '景观13', 0, 0, 2, 2, 0, 0, 117, NULL, 1, 0, 0, 0, 0, 0, 0, 1479786076, 1479786076, 1),
(147, 1, '', '景观14', 102, NULL, '景观14', 0, 0, 2, 2, 0, 0, 118, NULL, 1, 0, 0, 0, 0, 0, 0, 1479786094, 1479786094, 1),
(148, 1, '', '景观15', 102, NULL, '景观15', 0, 0, 2, 2, 0, 0, 119, NULL, 1, 0, 0, 0, 0, 0, 0, 1479786110, 1479786110, 1),
(149, 1, '', '景观16', 102, NULL, '景观16', 0, 0, 2, 2, 0, 0, 120, NULL, 1, 0, 0, 0, 0, 0, 0, 1479786127, 1479786127, 1),
(150, 1, '', '景观17', 102, NULL, '景观17', 0, 0, 2, 2, 0, 0, 121, NULL, 1, 0, 0, 0, 0, 0, 0, 1479786142, 1479786142, 1),
(151, 1, '', '景观18', 102, NULL, '景观18', 0, 0, 2, 2, 0, 0, 122, NULL, 1, 0, 0, 0, 0, 0, 0, 1479786158, 1479786158, 1),
(152, 1, '', '服装05', 106, NULL, '服装05', 0, 0, 2, 2, 0, 0, 123, NULL, 1, 0, 0, 0, 0, 0, 0, 1479786196, 1479786196, 1),
(153, 1, '', '服装06', 106, NULL, '服装06', 0, 0, 2, 2, 0, 0, 124, NULL, 1, 0, 0, 0, 0, 0, 0, 1479786218, 1479786218, 1),
(154, 1, '', '网上报名', 78, NULL, '网上报名', 0, 0, 2, 2, 0, 0, 0, '{{网上报名}}', 1, 0, 0, 0, 0, 0, 6, 1479794298, 1479794298, 1),
(155, 1, '', '注意事项', 78, NULL, '注意事项', 0, 0, 2, 2, 0, 0, 0, '', 1, 0, 0, 0, 0, 0, 5, 1479796449, 1479796449, 1),
(156, 1, '', '付款方式', 78, NULL, '付款方式', 0, 0, 2, 2, 0, 0, 0, '', 1, 0, 0, 0, 0, 0, 4, 1479796547, 1479796547, 1),
(157, 1, '', '优惠政策', 78, NULL, '优惠政策', 0, 0, 2, 2, 0, 0, 0, '', 1, 0, 0, 0, 0, 0, 3, 1479796720, 1479796720, 1),
(158, 1, '', '乘车路线', 78, NULL, '乘车路线', 0, 0, 2, 2, 0, 0, 0, '', 1, 0, 0, 0, 0, 0, 2, 1479796757, 1479796757, 1),
(159, 1, '', '住宿安排', 78, NULL, '住宿安排', 0, 0, 2, 2, 0, 0, 0, '', 1, 0, 0, 0, 0, 0, 1, 1479796792, 1479796792, 1),
(160, 1, '', '假期班', 79, NULL, '​假期班的描述', 0, 0, 2, 2, 0, 0, 126, '', 1, 0, 0, 0, 0, 0, 0, 1479797015, 1479797015, 1),
(161, 1, '', '就业班', 79, NULL, '就业班', 0, 0, 2, 2, 0, 0, 0, '', 1, 0, 0, 0, 0, 0, 0, 1479797198, 1479797198, 1),
(162, 1, '', '考研班', 79, NULL, '考研班', 0, 0, 2, 2, 0, 0, 0, '', 1, 0, 0, 0, 0, 0, 0, 1479797215, 1479797215, 1),
(163, 1, '', '精品班', 79, NULL, '精品班', 0, 0, 2, 2, 0, 0, 0, '', 1, 0, 0, 0, 0, 0, 0, 1479797230, 1479797230, 1),
(164, 1, '', '基础班', 79, NULL, '基础班', 0, 0, 2, 2, 0, 0, 0, '', 1, 0, 0, 0, 0, 0, 0, 1479797249, 1479797249, 1),
(165, 1, '', '假期班（寒假）', 108, NULL, 'asdasdfasdfad', 0, 0, 2, 2, 0, 0, 0, '￥3000/20天\r\n【赠送】\r\n前15名报名学员赠送马克笔一套\r\n报名即送《手绘即设计》等教材一套\r\n报名学员可以获得参与现代手绘评奖资格\r\n【优惠】\r\n官网预报名平时班，立即减免100元\r\n已报3期以上的学员免学费\r\n老学员优惠100元\r\n团报3人以上每人优惠100元。', 1, 0, 0, 0, 0, 0, 0, 1479798180, 1479799072, 1),
(166, 1, '', '假期班（暑假）', 108, NULL, '撒旦发生地方', 0, 0, 2, 2, 0, 0, 0, '￥3000/20天\r\n【赠送】\r\n前15名报名学员赠送马克笔一套\r\n报名即送《手绘即设计》等教材一套\r\n报名学员可以获得参与现代手绘评奖资格\r\n【优惠】\r\n官网预报名平时班，立即减免100元\r\n已报3期以上的学员免学费\r\n老学员优惠100元\r\n团报3人以上每人优惠100元。', 1, 0, 0, 0, 0, 0, 0, 1479799278, 1479799278, 1),
(167, 1, '', '就业班', 108, NULL, '就业班就业班', 0, 0, 2, 2, 0, 0, 0, '￥3000/20天\r\n【赠送】\r\n前15名报名学员赠送马克笔一套\r\n报名即送《手绘即设计》等教材一套\r\n报名学员可以获得参与现代手绘评奖资格\r\n【优惠】\r\n官网预报名平时班，立即减免100元\r\n已报3期以上的学员免学费\r\n老学员优惠100元\r\n团报3人以上每人优惠100元。', 1, 0, 0, 0, 0, 0, 0, 1479799384, 1479799384, 1),
(169, 1, '', '浙江大学', 98, NULL, 'http://www.zju.edu.cn/', 0, 0, 2, 2, 0, 0, 0, '', 1, 0, 0, 0, 0, 0, 0, 1480133787, 1480133787, 1),
(170, 1, '', '浙江工业大学', 98, NULL, 'http://www.zjut.edu.cn/', 0, 0, 2, 2, 0, 0, 0, '', 1, 0, 0, 0, 0, 0, 0, 1480134198, 1480134198, 1);

-- --------------------------------------------------------

--
-- Table structure for table `gxr_document_article`
--

CREATE TABLE IF NOT EXISTS `gxr_document_article` (
  `id` int(10) unsigned NOT NULL DEFAULT '0' COMMENT '文档ID',
  `parse` tinyint(3) unsigned NOT NULL DEFAULT '0' COMMENT '内容解析类型',
  `content` text NOT NULL COMMENT '文章内容',
  `template` varchar(100) NOT NULL DEFAULT '' COMMENT '详情页显示模板',
  `bookmark` int(10) unsigned NOT NULL DEFAULT '0' COMMENT '收藏数',
  PRIMARY KEY (`id`)
) ENGINE=MyISAM DEFAULT CHARSET=utf8 COMMENT='文档模型文章表';

--
-- Dumping data for table `gxr_document_article`
--

INSERT INTO `gxr_document_article` (`id`, `parse`, `content`, `template`, `bookmark`) VALUES
(1, 0, '<h1>\n	OneThink1.1开发版发布&nbsp;\n</h1>\n<p>\n	<br />\n</p>\n<p>\n	<strong>OneThink是一个开源的内容管理框架，基于最新的ThinkPHP3.2版本开发，提供更方便、更安全的WEB应用开发体验，采用了全新的架构设计和命名空间机制，融合了模块化、驱动化和插件化的设计理念于一体，开启了国内WEB应用傻瓜式开发的新潮流。&nbsp;</strong> \n</p>\n<h2>\n	主要特性：\n</h2>\n<p>\n	1. 基于ThinkPHP最新3.2版本。\n</p>\n<p>\n	2. 模块化：全新的架构和模块化的开发机制，便于灵活扩展和二次开发。&nbsp;\n</p>\n<p>\n	3. 文档模型/分类体系：通过和文档模型绑定，以及不同的文档类型，不同分类可以实现差异化的功能，轻松实现诸如资讯、下载、讨论和图片等功能。\n</p>\n<p>\n	4. 开源免费：OneThink遵循Apache2开源协议,免费提供使用。&nbsp;\n</p>\n<p>\n	5. 用户行为：支持自定义用户行为，可以对单个用户或者群体用户的行为进行记录及分享，为您的运营决策提供有效参考数据。\n</p>\n<p>\n	6. 云端部署：通过驱动的方式可以轻松支持平台的部署，让您的网站无缝迁移，内置已经支持SAE和BAE3.0。\n</p>\n<p>\n	7. 云服务支持：即将启动支持云存储、云安全、云过滤和云统计等服务，更多贴心的服务让您的网站更安心。\n</p>\n<p>\n	8. 安全稳健：提供稳健的安全策略，包括备份恢复、容错、防止恶意攻击登录，网页防篡改等多项安全管理功能，保证系统安全，可靠、稳定的运行。&nbsp;\n</p>\n<p>\n	9. 应用仓库：官方应用仓库拥有大量来自第三方插件和应用模块、模板主题，有众多来自开源社区的贡献，让您的网站“One”美无缺。&nbsp;\n</p>\n<p>\n	<br />\n</p>\n<p>\n	<strong>&nbsp;OneThink集成了一个完善的后台管理体系和前台模板标签系统，让你轻松管理数据和进行前台网站的标签式开发。&nbsp;</strong> \n</p>\n<p>\n	<br />\n</p>\n<h2>\n	后台主要功能：\n</h2>\n<p>\n	1. 用户Passport系统\n</p>\n<p>\n	2. 配置管理系统&nbsp;\n</p>\n<p>\n	3. 权限控制系统\n</p>\n<p>\n	4. 后台建模系统&nbsp;\n</p>\n<p>\n	5. 多级分类系统&nbsp;\n</p>\n<p>\n	6. 用户行为系统&nbsp;\n</p>\n<p>\n	7. 钩子和插件系统\n</p>\n<p>\n	8. 系统日志系统&nbsp;\n</p>\n<p>\n	9. 数据备份和还原\n</p>\n<p>\n	<br />\n</p>\n<p>\n	&nbsp;[ 官方下载：&nbsp;<a href="http://www.onethink.cn/download.html" target="_blank">http://www.onethink.cn/download.html</a>&nbsp;&nbsp;开发手册：<a href="http://document.onethink.cn/" target="_blank">http://document.onethink.cn/</a>&nbsp;]&nbsp;\n</p>\n<p>\n	<br />\n</p>\n<p>\n	<strong>OneThink开发团队 2013~2014</strong> \n</p>', '', 0),
(2, 0, '<img src="/Uploads/Editor/2014-09-12/5412ab3320cca.jpg" alt="" />', '', 0),
(3, 0, '<p>阿斯顿发送到发送到发生的发是的发生的发生地方撒地方撒点大方<br/></p>', '', 0),
(4, 0, '<p>啊撒旦法撒旦法撒旦法阿萨德发撒旦发生地方阿萨德f阿萨德f阿萨德f啊撒旦法撒旦法<br/></p>', '', 0),
(5, 0, '<p>阿斯顿发送到发送到发生的发阿萨德发撒旦发生地方阿萨德发送df阿萨德fssssddddddd大调的发生的<br/></p>', '', 0),
(6, 0, '<p>啊撒旦法撒旦法撒旦法阿萨德f<br/></p>', '', 0),
(7, 0, '<p>啊撒旦法撒旦法是打发是短发撒旦发生地方</p><p><br/></p><p>阿斯顿发送到发送到发生的发<img src="/Uploads/Editor/2016-11-14/5829839817793.jpg" title="71.jpg"/></p>', '', 0),
(8, 0, '<p>asdfasdfasdfasdfa<br/></p>', '', 0),
(9, 0, '<p>校园风光<br/></p>', '', 0),
(10, 0, '<p>asdfasdfasdfasdfasdfasdfasdf<br/></p>', '', 0),
(11, 0, '<p>asdfasdfasdfasdf<br/></p>', '', 0),
(12, 0, '<p>asdfasdfasdfasdfasdf333<br/></p>', '', 0),
(13, 0, '<p>asdfasdfasdfd大调<br/></p>', '', 0),
(14, 0, '<p>asdfasdadsf<br/></p>', '', 0),
(15, 0, '<p>asdfasdfasdf<br/></p>', '', 0),
(16, 0, '<p><span style="font-family: 微软雅黑,Microsoft YaHei;">&nbsp;&nbsp;&nbsp;&nbsp;&nbsp;&nbsp;&nbsp;&nbsp;杭州五域文化创意有限公司是由中国美术学院风景建筑设计研究院现代设计研究所景观和室内设计总监李红伟先生发起。公司以中国美术学院和中国美院风景院为学术和技术依托!是目前国内最具实力最高端的手绘研究机构!</span></p><p><span style="font-family: 微软雅黑,Microsoft YaHei;">&nbsp;&nbsp;&nbsp;&nbsp;&nbsp;&nbsp;&nbsp;&nbsp;公司旗下品牌现代手绘(杭州)研究中心致力于解决绘画与设计如何结合并找出提升之道!同时也为学生学校理论与设计院实践无缝对接架起桥梁。</span></p><p><span style="font-family: 微软雅黑,Microsoft YaHei;">&nbsp;&nbsp;&nbsp;&nbsp;&nbsp;&nbsp;&nbsp;&nbsp;现代手绘2013年被评为“浙江省消费者最满意十大教育培训机构”，是为中国美术学院风景建筑设计研究院，中国美术学院现代设计研究所，浙江城建园林设计\r\n院、浙江绿城设计院、杭州市园林设计院、杭州市城市规划设计研究院、浙江中天设计院、浙江世茂装饰公司\\江苏风景园林设计院、杭州联纵国际、中国华西工程\r\n建设有限公司\\杭州贝尔高林等国内知名设计院输送专业设计人才的基地。<br/></span></p><p><span style="font-family: 微软雅黑,Microsoft YaHei;">&nbsp;&nbsp;&nbsp;&nbsp;&nbsp;&nbsp;&nbsp;&nbsp;现代手绘紧紧围绕在职设计师及高校学生的困惑，量身定制一系列教学内容，以实战和应用为教学目标，在不断强化手绘功底的同时，更侧重学员设计思维的拓展。</span></p><p><span style="font-family: 微软雅黑,Microsoft YaHei;">&nbsp;&nbsp;&nbsp;&nbsp;&nbsp;&nbsp;&nbsp;&nbsp;见证每一位学员的成长和进步是我们最大的心愿，现在就踏上从写生绘画到设计创意的体验之旅吧。</span></p><p><span style="font-family: 微软雅黑,Microsoft YaHei;">&nbsp;&nbsp;&nbsp;&nbsp;&nbsp;&nbsp;&nbsp;&nbsp;现代手绘最大的优势是实战性和应用性，因此我们师资团队的老师都担任过10年以上国内多家甲级设计院项目设计主持人，实战经验丰富，问题解决能力强。 并聘请了多位国内著名大学的教授和设计院奋战在设计一线的设计师为教学顾问！</span></p><p><br/></p><p><br/></p>', '', 0),
(17, 0, '<p>1阿斯顿发送到发送到发生的发<br/></p>', '', 0),
(18, 0, '<p>asdfasdfasdfasdfasdfasdf<br/></p>', '', 0),
(19, 0, '<p>作品赏析11111作品赏析11111作品赏析11111作品赏析11111作品赏析11111</p>', '', 0),
(20, 0, '<p>文化里的师资介绍1111文化里的师资介绍1111文化里的师资介绍1111文化里的师资介绍1111文化里的师资介绍1111</p>', '', 0),
(21, 0, '<p>&nbsp; <br/></p>', '', 0),
(22, 0, '<p>asdfasdfasdf啊撒旦法撒旦法啊撒旦法撒旦法电商<br/></p>', '', 0),
(23, 0, '<p>现代手绘新闻2现代手绘新闻2现代手绘新闻2现代手绘新闻2现代手绘新闻2现代手绘新闻2现代手绘新闻2</p>', '', 0),
(24, 0, '<p>新闻2222444新闻2222444新闻2222444新闻2222444新闻2222444新闻2222444新闻2222444新闻2222444新闻2222444新闻2222444新闻2222444新闻2222444<br/></p>', '', 0),
(25, 0, '<p>adsfasdfasdfadfadfadfadasdfasdf活动asdfasdf活动asdfasdf活动asdfasdf活动asdfasdf活动</p>', '', 0),
(26, 0, '<p>啊撒旦法撒旦法阿萨德f阿萨德f<br/></p>', '', 0),
(67, 0, '<p>荣誉讲师1的撒发生地方</p><p>啊撒旦法撒旦法啊撒旦法撒旦法</p><p>阿萨德f阿萨德f</p><p>阿萨德f啊撒旦法撒旦法撒旦法</p><p>阿萨德f撒旦法<br/></p>', '', 0),
(68, 0, '<p>是大事的发生地方的说法撒旦发生地方</p><p>啊撒旦法撒旦法啊撒旦法撒旦法阿萨德fds</p><p>阿萨德发送的啊撒旦法撒旦法阿萨德f</p><p>阿斯顿发送到发送到发生的发<br/></p><p><br/></p>', '', 0),
(69, 0, '<p>十大撒旦法撒旦法撒旦法阿萨德发送地方</p><p>啊撒旦法撒旦法撒旦发生地方</p><p>阿萨德f啊撒旦法撒旦法啊撒旦法撒旦法</p><p>阿萨德发撒旦发生地方 撒旦法<br/></p><p><br/></p>', '', 0),
(70, 0, '<p>阿斯顿发送到发送到发生打发是短发s</p><p>阿斯顿发送到发送到发生的发啊啊</p><p>啊撒旦法撒旦法撒旦法撒旦发生地方</p><p>阿萨德发撒旦发生地方阿萨德f<br/></p>', '', 0),
(71, 0, '<p>环境1<br/></p>', '', 0),
(72, 0, '<p>环境2<br/></p>', '', 0),
(73, 0, '<p>环境3<br/></p>', '', 0),
(74, 0, '<p>环境4<br/></p>', '', 0),
(75, 0, '<p>环境5<br/></p>', '', 0),
(76, 0, '<p class="lead">研究中心办公地址：杭州余杭五常大道156号西溪创意园5栋3层</p><p class="lead">下沙教学点：下沙2号大街22号十六街区商城1幢1422室（浙江理工大学对面）</p><p class="lead">研究中心官方网站：http://www. xdshyjzx.com/</p><p class="lead">研究中心公众微信号：xdshpx</p><p class="lead">现代手绘qq号：2742974934</p><p class="lead">全国统一学习热线：400-086-3597</p><p class="lead">13777462761（李老师）</p><p class="lead">15355425858（诸葛老师）</p><p class="lead">15700162710（程老师）下沙教学点</p><p><br/></p>', '', 0),
(77, 0, '<p>景观课程景观课程</p>', '', 0),
(78, 0, '<p>城规课程城规课程城规课程</p>', '', 0),
(79, 0, '<p>室内课程室内课程室内课程</p>', '', 0),
(80, 0, '<p>工业课程工业课程工业课程工业课程</p>', '', 0),
(81, 0, '<p>建筑课程建筑课程建筑课程<br/></p>', '', 0),
(82, 0, '<p>写生13<br/></p>', '', 0),
(83, 0, '<p>写生12<br/></p>', '', 0),
(84, 0, '<p>写生11<br/></p>', '', 0),
(85, 0, '<p>写生10</p>', '', 0),
(86, 0, '<p>写生09<br/></p>', '', 0),
(87, 0, '<p>写生08</p>', '', 0),
(88, 0, '<p>写生07</p>', '', 0),
(89, 0, '<p>写生06</p>', '', 0),
(90, 0, '<p>写生05<br/></p>', '', 0),
(91, 0, '<p>写生04<br/></p>', '', 0),
(92, 0, '<p>写生03<br/></p>', '', 0),
(93, 0, '<p>写生02<br/></p>', '', 0),
(94, 0, '<p>写生01</p>', '', 0),
(95, 0, '<p>服装01</p>', '', 0),
(96, 0, '<p>服装02</p>', '', 0),
(97, 0, '<p>服装03</p>', '', 0),
(98, 0, '<p>服装04</p>', '', 0),
(27, 0, '<p>撒旦法撒旦法撒旦法的发生地方啊撒旦法撒旦法<br/></p>', '', 0),
(28, 0, '<p>专业里的师资介绍专业里的师资介绍专业里的师资介绍专业里的师资介绍专业里的师资介绍专业里的师资介绍</p>', '', 0),
(29, 0, '<p><span style="color: rgb(51, 51, 51); line-height: 24px; font-family: &quot;microsoft yahei&quot;; font-size: 12px; background-color: rgb(255, 255, 255);">2014\r\n年6月10日应武汉科技大学艺术学部邀请.中国美术学院现代设计研究所副所长兼景观设计总监李红伟先生对设计专业学生进行讲座！题目为《设计可以这么\r\n“玩”》。</span></p><p><span style="color: rgb(51, 51, 51); line-height: 24px; font-family: &quot;microsoft yahei&quot;; font-size: 12px; background-color: rgb(255, 255, 255);">详细介绍了做项目的思路和不一样的玩法！让学生初步认识在学校里学不到的设计方法！讲座持续一个小时.最后20分钟学踊跃提问！现场气氛浓郁！\r\n师生反响强烈！</span><br/></p>', '', 0),
(30, 0, '<p>第一， 兴趣。学习者本身要对手绘这个行业感兴趣，加上努力就可以事半功倍；</p><p><br/></p><p>第二， &nbsp;选对好老师。手绘本身是个特定行业的产物，这里分两个层面，一种是为学生考研，一般通过往届过线率，老师的教学经验等就可以判断培训班的价值。还有一种是为毕业生找工作增加筹码，这就要求老师具备多年设计经验，当然，老师自身的手绘功底要过硬。然而，目前社会上绝大部分的手绘培训班老师都缺乏正规设计院的多年项目设计经验，换句话说，很多培训老师都是为了绘画而手绘，根本谈不上设计手绘。这也就会导致学生学习手绘多年，临摹也能应付自然，一旦到了工作岗位，面对具体的设计项目却又无从下手，因此学生出于对自己未来的负责任心，可以先试<a href="http://www.kesion.com/">听</a>一次然后做出自己的选择。</p><p><br/></p><p>第三， 专业的规划。结合自己的专业需要，比如室内专业，在学习过程中还应该相应的学习建筑和景观手绘，其实设计都是相通的，在选择手绘培训班的时候，老师自身专业的综合性也是一个很重要的衡量标准，而不是仅仅只精通室内或者建筑手绘等单一专业。</p><p><br/></p><p>第四， 时间的灵活性。如果是在校大学生，授课时间若能集中在寒、暑假，对学生而言时效性强，进步快。但是这并不适合在职人员，随到随学的教学方式，更能符合职场专业人士的工作习惯。</p><p><br/></p><p>第五， 教学资源的丰富性。绝大部分人认为设计是“贵族”才能玩得好的，但“贵族”毕竟只是少数人，那么普通人如何玩呢？培养“贵族”的眼光！或许很少有机会亲临或考察全球顶级会所，五星级酒店等场所，但可以通过照片，画册等丰富的资料提高自身的欣赏水平和设计灵感。因此培训班若能与实际项目结合或者提供大量高清、高品质的设计素材，学生手绘的实战型和解决问题的能力将会极大提升。</p><p>&nbsp; &nbsp;\r\n		&nbsp;</p><p>&nbsp; &nbsp;\r\n		&nbsp;</p><p>现代手绘官方微信号：XDSHPX</p><p><br/></p>', '', 0),
(31, 0, '<p>第一部分 交通指南</p><p>&nbsp;</p><p>上课地址：&nbsp;&nbsp;杭州-余杭-五常大道156号西溪创意园</p><p>（周边公交站：五常大道联胜路口）</p><p>&nbsp;</p><p>交通路线：</p><p>1、机场大巴1号线（至武林门民航售票处）——五常大道联胜路口</p><p>从武林门民航售票处步行至【武林门站】——乘坐506路公交车至【汽车西站】——换乘356路公交车至【五常大道联胜路口】（全程约40分钟）</p><p>&nbsp;</p><p>2、机场大巴2号线（至黄龙集散中心）——五常大道联胜路口</p><p>从黄龙集散中心步行至【黄龙公交站】——乘坐B4路公交车至【汽车西站】-------换乘356路公交车至【五常大道联胜路口】（全程约50分钟）</p><p>&nbsp;</p><p>3、火车东站——五常大道联胜路口</p><p>乘坐B4路公交车至【汽车西站】-------换乘356路公交车至【五常大道联胜路口】（全程约50分钟</p><p>&nbsp;</p><p><br/></p><p>&nbsp;</p><p>第二部分 课程安排</p><p>1、对线条的认识和练习&nbsp;</p><p>2、透视的基本特征及规律</p><p>3、一点斜透视</p><p>4、三点透视鸟瞰图的透视</p><p>5、透视图的综合运用及表现技法</p><p>6、平面及空间构成练习&nbsp;</p><p>7、对设计图表现当中的不变的物体（配角）进行选择及强化练习</p><p>8、用线稿进行选择性练习</p><p>9、对色彩上色技巧的认识</p><p>10、对线稿作品 进行上色（彩铅、马克笔、水彩）</p><p>　　</p><p>&nbsp;</p><p>第三部分 生活指南</p><p>住宿：周边有4-5家酒店</p><p>地址：杭州-余杭-五常大道156号西溪创意园5栋3层</p><p>价格：标间80元/间/天</p><p>&nbsp;</p><p>&nbsp; &nbsp; &nbsp; &nbsp; &nbsp; &nbsp; &nbsp;&nbsp;</p><p>第四部分 日程安排</p><p>2016.7.10&nbsp;&nbsp;&nbsp;&nbsp;13:30——17:30 &nbsp; 报到</p><p>2016.7.10&nbsp; 19:30——20:30 &nbsp; 师生见面会</p><p>2016.7.10&nbsp;&nbsp;9:00——9:30赠送24色马克笔一套和铅笔</p><p>2016.7.10 9:30 &nbsp; &nbsp; &nbsp; &nbsp; &nbsp; &nbsp; 正式上课</p><p>2016.8.21 &nbsp; 17:30 &nbsp; &nbsp; &nbsp; &nbsp; &nbsp; &nbsp;结业合影</p><p><br/></p>', '', 0),
(32, 0, '<p>2013\r\n年9月13日下午，由中国美术学院风景建筑设计研究院、浙江省环境艺术家协会主办，特邀加拿大多伦多跨学科设计公司菲利普·比斯利（Philip \r\nBeesley）建筑的负责人菲利普·比斯利（Philip Beesley）先生来到我院一楼“设计艺术大学堂”展开了一场名为《HYLOZOIC \r\nSPRING》讲座。</p><p>&nbsp;&nbsp;&nbsp;&nbsp;&nbsp;&nbsp;&nbsp;&nbsp;\r\n \r\n菲利普·比斯利的艺术实践包括数码媒体艺术和实验建筑。曾获得皇后大学的美术学士学位并且获得了多伦多大学建筑方面的专业学位。所获荣誉包括：建筑方面的\r\n罗马奖（加拿大），西班牙VIDA \r\n11.0一等奖，远东国际数码建筑设计奖（FEIDAD）并代表加拿大参加2010年威尼斯建筑双年展。除了西部埃德蒙顿购物中心的西门子项目“极光”，\r\n他最近的项目包括城市美术馆（新西兰惠灵顿），荷兰电子艺术节（荷兰鹿特丹），台湾数码艺术节和2012年悉尼双年展的展置作品。与此同时，比斯利和时尚\r\n设计师艾里斯·范·荷本合作，为她最近在巴黎时尚周’Voltage Haute Couture’2013年的春夏藏品中增添了纺织品。<br style="margin: 0px; padding: 0px; color: rgb(51, 51, 51); font-family: &#39;microsoft yahei&#39;; font-size: 12px; line-height: 24px; white-space: normal; background-color: rgb(255, 255, 255);"/>&nbsp;<br style="margin: 0px; padding: 0px; color: rgb(51, 51, 51); font-family: &#39;microsoft yahei&#39;; font-size: 12px; line-height: 24px; white-space: normal; background-color: rgb(255, 255, 255);"/><a><img src="http://t6.icx.so/UploadFiles/2015-03/2/20153269891943313.jpg" alt="我院顺利召开菲利普•比斯利先生《HYLOZOIC SPRING》讲座" style="margin: 0px; padding: 0px; border: 0px none; vertical-align: middle;" border="0"/></a><br style="margin: 0px; padding: 0px; color: rgb(51, 51, 51); font-family: &#39;microsoft yahei&#39;; font-size: 12px; line-height: 24px; white-space: normal; background-color: rgb(255, 255, 255);"/>菲利普·比斯利先生回答设计师提问<br style="margin: 0px; padding: 0px; color: rgb(51, 51, 51); font-family: &#39;microsoft yahei&#39;; font-size: 12px; line-height: 24px; white-space: normal; background-color: rgb(255, 255, 255);"/>&nbsp;<br style="margin: 0px; padding: 0px; color: rgb(51, 51, 51); font-family: &#39;microsoft yahei&#39;; font-size: 12px; line-height: 24px; white-space: normal; background-color: rgb(255, 255, 255);"/><a><img src="http://t6.icx.so/UploadFiles/2015-03/2/20153265700771914.jpg" alt="我院顺利召开菲利普•比斯利先生《HYLOZOIC SPRING》讲座" style="margin: 0px; padding: 0px; border: 0px none; vertical-align: middle;" border="0"/></a><br style="margin: 0px; padding: 0px; color: rgb(51, 51, 51); font-family: &#39;microsoft yahei&#39;; font-size: 12px; line-height: 24px; white-space: normal; background-color: rgb(255, 255, 255);"/>菲利普·比斯利先生现场展示作品</p><p><br/></p>', '', 0),
(33, 0, '<p>2013\r\n年9月12日下午，我院特邀浙江交响乐团首席小提琴演奏家、浙江音乐家协会小提琴学会副会长、国家一级演奏员唐小玲女士携助理黄昱升先生在一楼“设计艺术\r\n大学堂”进行了《交响乐演奏创作与设计创作对话》讲座。唐小玲女士详细解读了交响乐演奏创作并分享了乐队排练精彩故事，还与黄昱升先生为大家现场演奏了精\r\n彩一曲，获得热烈掌声。同时不忘与在场设计师探讨交响乐演奏创作与设计创作之间的关联相通之处。<br style="margin: 0px; padding: 0px; color: rgb(51, 51, 51); font-family: &#39;microsoft yahei&#39;; font-size: 12px; line-height: 24px; white-space: normal; background-color: rgb(255, 255, 255);"/><br style="margin: 0px; padding: 0px; color: rgb(51, 51, 51); font-family: &#39;microsoft yahei&#39;; font-size: 12px; line-height: 24px; white-space: normal; background-color: rgb(255, 255, 255);"/>唐小玲&nbsp;浙江交响乐团首席小提琴演奏家演奏家<br style="margin: 0px; padding: 0px; color: rgb(51, 51, 51); font-family: &#39;microsoft yahei&#39;; font-size: 12px; line-height: 24px; white-space: normal; background-color: rgb(255, 255, 255);"/>&nbsp;&nbsp;&nbsp;&nbsp;&nbsp;&nbsp;&nbsp;&nbsp;&nbsp;&nbsp;&nbsp;&nbsp;&nbsp;浙江音乐家协会小提琴学会副会长<br style="margin: 0px; padding: 0px; color: rgb(51, 51, 51); font-family: &#39;microsoft yahei&#39;; font-size: 12px; line-height: 24px; white-space: normal; background-color: rgb(255, 255, 255);"/>&nbsp;&nbsp;&nbsp;&nbsp;&nbsp;&nbsp;&nbsp;&nbsp;&nbsp;&nbsp;&nbsp;&nbsp;&nbsp;国家一级演奏员<br style="margin: 0px; padding: 0px; color: rgb(51, 51, 51); font-family: &#39;microsoft yahei&#39;; font-size: 12px; line-height: 24px; white-space: normal; background-color: rgb(255, 255, 255);"/><br style="margin: 0px; padding: 0px; color: rgb(51, 51, 51); font-family: &#39;microsoft yahei&#39;; font-size: 12px; line-height: 24px; white-space: normal; background-color: rgb(255, 255, 255);"/>黄昱升&nbsp;美国PEABODY音乐学院研究生毕业<br style="margin: 0px; padding: 0px; color: rgb(51, 51, 51); font-family: &#39;microsoft yahei&#39;; font-size: 12px; line-height: 24px; white-space: normal; background-color: rgb(255, 255, 255);"/>&nbsp;&nbsp;&nbsp;&nbsp;&nbsp;&nbsp;&nbsp;&nbsp;&nbsp;&nbsp;&nbsp;&nbsp;&nbsp;浙江交响乐团小提琴演奏家<br style="margin: 0px; padding: 0px; color: rgb(51, 51, 51); font-family: &#39;microsoft yahei&#39;; font-size: 12px; line-height: 24px; white-space: normal; background-color: rgb(255, 255, 255);"/>&nbsp;&nbsp;&nbsp;&nbsp;&nbsp;&nbsp;&nbsp;&nbsp;&nbsp;&nbsp;&nbsp;&nbsp;&nbsp;多次台湾音乐比赛获奖<br style="margin: 0px; padding: 0px; color: rgb(51, 51, 51); font-family: &#39;microsoft yahei&#39;; font-size: 12px; line-height: 24px; white-space: normal; background-color: rgb(255, 255, 255);"/>&nbsp;<br style="margin: 0px; padding: 0px; color: rgb(51, 51, 51); font-family: &#39;microsoft yahei&#39;; font-size: 12px; line-height: 24px; white-space: normal; background-color: rgb(255, 255, 255);"/><a><img src="http://t6.icx.so/UploadFiles/2015-03/2/20153265166113340.jpg" alt="唐小玲女士“交响乐演奏创作与设计创作对话”讲座在我院成功举办" style="margin: 0px; padding: 0px; border: 0px none; vertical-align: middle;" border="0"/></a><br style="margin: 0px; padding: 0px; color: rgb(51, 51, 51); font-family: &#39;microsoft yahei&#39;; font-size: 12px; line-height: 24px; white-space: normal; background-color: rgb(255, 255, 255);"/><br style="margin: 0px; padding: 0px; color: rgb(51, 51, 51); font-family: &#39;microsoft yahei&#39;; font-size: 12px; line-height: 24px; white-space: normal; background-color: rgb(255, 255, 255);"/>唐小玲女士讲解交响乐知识<br style="margin: 0px; padding: 0px; color: rgb(51, 51, 51); font-family: &#39;microsoft yahei&#39;; font-size: 12px; line-height: 24px; white-space: normal; background-color: rgb(255, 255, 255);"/><a><img src="http://t6.icx.so/UploadFiles/2015-03/2/20153261952756171.jpg" alt="唐小玲女士“交响乐演奏创作与设计创作对话”讲座在我院成功举办" style="margin: 0px; padding: 0px; border: 0px none; vertical-align: middle;" border="0"/></a><br style="margin: 0px; padding: 0px; color: rgb(51, 51, 51); font-family: &#39;microsoft yahei&#39;; font-size: 12px; line-height: 24px; white-space: normal; background-color: rgb(255, 255, 255);"/>唐小玲女士与助手黄昱升先生为大家现场演奏名曲</p><p><br/></p>', '', 0),
(34, 0, '<p>&nbsp;&nbsp;&nbsp;&nbsp;&nbsp;&nbsp;&nbsp;&nbsp;2013\r\n年8月2日下午，我院在西溪天堂商业区外婆家概念店举行2013年年中建筑技术交流会。&nbsp;&nbsp; \r\n会议由中国美术学院风景建筑设计研究院副总建筑师金捷（第三建筑设计所所长）主持，外婆家总裁吴国平先生首先致辞，欢迎我院建筑设计师们在新店开张前来此\r\n相聚。各个建筑设计单位负责人及主任设计师提出交流的议题和设计创新的方向，并由相关设计负责人围绕该议题进行阐述。其间，负责外婆家概念店总设计的设计\r\n师沈雷（杭州内建筑设计有限公司设计总监）讲述了自己的设计理念，为大家的设计创作带来了新的启发。最后，陈坚院长对交流作品进行点评，并结合自身建筑设\r\n计创作经验鼓励设计师们不断创新，应着重中小型建筑的集群设计，充分尊重环境，实现城市与环境共存共荣的目标。</p><p>&nbsp;&nbsp;&nbsp; &nbsp;&nbsp;&nbsp;&nbsp;通过此次交流会，设计师们相互交流，相互学习，为提高建筑专业的设计水平和业务能力打下了良好的基础，会议在一片掌声中圆满结束。<br style="margin: 0px; padding: 0px; color: rgb(51, 51, 51); font-family: 宋体; font-size: 14px; line-height: 24px; text-indent: 28px; white-space: normal; background-color: rgb(255, 255, 255);"/>&nbsp;<br style="margin: 0px; padding: 0px; color: rgb(51, 51, 51); font-family: 宋体; font-size: 14px; line-height: 24px; text-indent: 28px; white-space: normal; background-color: rgb(255, 255, 255);"/>&nbsp;</p><p><br/></p>', '', 0),
(35, 0, '<p>&nbsp;&nbsp;&nbsp;&nbsp;&nbsp;&nbsp;&nbsp;&nbsp;近期有很多来自全国各地的学生通过电话和留言等各种形式咨询《杭州现代手绘培训中心2016年暑假班招生简章》（以下简称现代手绘2016年招生）的事宜，为了节省李老师和各位学生的宝贵时间，小编整理了最近学生比较关注的一些问题在此统一回复大家：<br style="margin: 0px; padding: 0px;"/>&nbsp;&nbsp;&nbsp;&nbsp;&nbsp;&nbsp;&nbsp;&nbsp;问题一：为何要开设培训班？<br style="margin: 0px; padding: 0px;"/>&nbsp;&nbsp;&nbsp;&nbsp;&nbsp;&nbsp;&nbsp;&nbsp;李老师答：近几年我在面试设计类专业<a href="http://job.kesion.com/">应届毕业生</a>或\r\n者设计师的时候，很多人都是拿着自己的作品集或者手绘作品来应聘。当然，这里有一个前提是我们对于方案组的人员要求有一定的手头表达能力。值得肯定的是这\r\n些作品集和作品都非常精美。但是，在实际面试过程中，我们对模拟项目或者真实案例进行手头表达能力测评的时候，结果另我们非常的失望，应聘者的手绘表达能\r\n力完全不符合我们的要求。甚至都达不到自己作品集上面的手绘表达水平。于是，我和我的团队决定让学生真正学到什么是设计手绘！就这样诞生了现代手绘培训中\r\n心！<br style="margin: 0px; padding: 0px;"/>&nbsp;<br style="margin: 0px; padding: 0px;"/>&nbsp;&nbsp;&nbsp;&nbsp;&nbsp;&nbsp;&nbsp;&nbsp;问题二：培训班能够让学生学到什么？<br style="margin: 0px; padding: 0px;"/>&nbsp;&nbsp;&nbsp;&nbsp;&nbsp;&nbsp;&nbsp;&nbsp;李老师答：我们班上有很多是理工科考上设计专业的.他们基本没有美术功底！但是他们又渴望像艺术生那样可以把所想的东西通过画笔画出来！我告诉学生手绘不是\r\n画画！不是现在流行讲的手绘就是徒手绘画！手绘是为设计服务而出现的特殊画种.有个学生在学期结束时还专门跟我说：“李老师，通过这段时间的学习使我认识\r\n到什么是设计，什么是画画了.我甚至觉得手绘都不怎么重要了.重要的是思考，像设计师那样的去思考”<br style="margin: 0px; padding: 0px;"/>&nbsp;&nbsp;&nbsp;&nbsp;&nbsp;&nbsp;&nbsp;&nbsp;</p><p>&nbsp;&nbsp;&nbsp;&nbsp;&nbsp;&nbsp;&nbsp;&nbsp;问题三：如何像设计师那样的思考？<br style="margin: 0px; padding: 0px;"/>&nbsp;&nbsp;&nbsp;&nbsp;&nbsp;&nbsp;&nbsp;&nbsp;李老师答：首先，我们要明白什么是设计师所要具备的设计思维！我告诉我的学生，如果比绘画功底，你们跟美院的学生绝对不在一个层次上，那我们应该怎么办？我\r\n们的强项是思维！是应该往研究型的设计靠拢，既然我们都是理工科出身，理解力较强就是我们的优势！所以我们要跟艺术类学生有所区别。要学会独立思考.千万\r\n不要为画画而画画.更不要把画画当成手绘！<br style="margin: 0px; padding: 0px;"/>&nbsp;<br style="margin: 0px; padding: 0px;"/></p><p>&nbsp;&nbsp;&nbsp;&nbsp;&nbsp;&nbsp;&nbsp;&nbsp;问题四：现代手绘培训的优势在哪里？<br style="margin: 0px; padding: 0px;"/>&nbsp;&nbsp;&nbsp;&nbsp;&nbsp;&nbsp;&nbsp;&nbsp;李老师答：我跟其他培训班最大的不同就是我们在设计院里.我们跟实际项目结合.我们的老师都是有丰富设计经验的人.基本上都走在设计前沿道路上.我们不是在\r\n教学生画画.不是一天到晚都只是临摹.不是表演型的手绘.我们是思考型的手绘.我们只希望通过手绘的练习把学生引入设计的道路上！<br style="margin: 0px; padding: 0px;"/>&nbsp;<br style="margin: 0px; padding: 0px;"/></p><p>&nbsp;&nbsp;&nbsp;&nbsp;&nbsp;&nbsp;&nbsp;&nbsp;问题五：现代手绘培训的教学模式有何特色？<br style="margin: 0px; padding: 0px;"/>&nbsp;&nbsp;&nbsp;&nbsp;&nbsp;&nbsp;&nbsp;&nbsp;李老师答：首先，关于教学生，我更多的只能是引导和激发，让学生能够举一反三。更重要的是我们平时做项目用到的手绘比较多，而我本身也非常喜欢手绘，学生在我这里不光是“画画”，更像是在设计。<br style="margin: 0px; padding: 0px;"/>&nbsp;<br style="margin: 0px; padding: 0px;"/></p><p>&nbsp;&nbsp;&nbsp;&nbsp;&nbsp;&nbsp;&nbsp;&nbsp;问题六：：没有美术基础但是喜欢设计的人可以参加培训吗？</p><p>&nbsp;&nbsp;&nbsp;&nbsp;&nbsp;&nbsp;&nbsp;&nbsp;李老师答：画画和手绘是两种思维方式！举个现象：我们看到设计界名气比较大的设计师很多是不会画画的.而会画画的人不一定会设计！这个现象比较有意思！所以\r\n我对那些没有美术功底学生的方式是采用：引导、激发式的教学.培养对设计这个行业的热爱.因为你只要激发的兴趣才有可能发现潜力！我特别强调一点，在我这\r\n里，我绝对做不到30天能够包你学会手绘。因为手绘是个长期的过程.目前市场上的培训模式是快速一天画20张的量.通过大量的对着设计质量不高的作品临\r\n摹，这是非常要命的！这个不是量变到质变的过程.这是在错误的到路上越陷越深！手绘是为设计服务的，手绘不是画画！通过手绘培训增加对设计的认识，同时培\r\n养设计的思维！这才是我办班的初衷。<br/></p>', '', 0);
INSERT INTO `gxr_document_article` (`id`, `parse`, `content`, `template`, `bookmark`) VALUES
(36, 0, '<p><span style="font-family: 微软雅黑,Microsoft YaHei;">同济大学建筑设计研究院(集团)有限公司成立于1958年，是全国知名的集团化管理的特大型甲级设计单位。持有国家建设主管部门颁发的建筑、市政、桥梁、公\r\n路、岩土、地质、风景园林、环境污染防治、人防、文物保护等多项设计资质颁发的工程咨询证书，是目前国内设计资质涵盖面最广的设计单位之一。经过近五十年\r\n的积累和进取，我院拥有了雄厚的设计实力、丰富的人力资源、先进的设计手段。作为一所国际著名高校设计单位，我院非常重视建筑教育，培养了一大批硕士生、\r\n博士生。此外，我院具备丰富的对外交流合作经验，曾成功的与来自美国、加拿大、德国、法国、西班牙等国的著名事务所合作，并互派员工交流学习。按\r\nISO9001标准建立的质量保证体系通过中国SAC和美国RAB双重认证。<br style="font-family: Simsun; white-space: normal; background-color: rgb(255, 255, 255); font-size: medium; line-height: 24px; "/><br style="font-family: Simsun; white-space: normal; background-color: rgb(255, 255, 255); font-size: medium; line-height: 24px; "/>我\r\n们在全国各个省、非洲、南美有近万个工程案例，如：上海中心、钓鱼台国宾馆芳菲苑、2008奥运会乒乓馆、援非盟会议中心、井冈山革命博物馆新馆、上海新\r\n天地广场、2010上海世博会主题馆、上海自然博物馆、南浦大桥建筑设计及北引桥、杨浦大桥浦东引桥、加纳共和国塞康迪体育场、特立尼达及多巴哥共和国国\r\n家艺术中心……<br style="font-family: Simsun; white-space: normal; background-color: rgb(255, 255, 255); font-size: medium; line-height: 24px; "/><br style="font-family: Simsun; white-space: normal; background-color: rgb(255, 255, 255); font-size: medium; line-height: 24px; "/>同\r\n济设计院汇聚了二千多名优秀的工程技术人才，为客户提供一流的工程咨询服务，通过我们的卓越能力推动城市的发展、建立美好的生活。我们深知是客户的信任使\r\nTJAD获得了发展的机会，同时我们不会忘记我们的职责，同济设计院将一如既往的承担起企业的社会责任，为行业的发展和社会的进步不懈努力。<br style="font-family: Simsun; white-space: normal; background-color: rgb(255, 255, 255); font-size: medium; line-height: 24px; "/><br style="font-family: Simsun; white-space: normal; background-color: rgb(255, 255, 255); font-size: medium; line-height: 24px; "/>招聘信息：<br style="font-family: Simsun; white-space: normal; background-color: rgb(255, 255, 255); font-size: medium; line-height: 24px; "/>●&nbsp;高级建筑设计师 / 建筑专业负责人<br style="font-family: Simsun; white-space: normal; background-color: rgb(255, 255, 255); font-size: medium; line-height: 24px; "/>岗位职责：<br style="font-family: Simsun; white-space: normal; background-color: rgb(255, 255, 255); font-size: medium; line-height: 24px; "/>1、大中型项目方案创作；&nbsp;<br style="font-family: Simsun; white-space: normal; background-color: rgb(255, 255, 255); font-size: medium; line-height: 24px; "/>2、项目招投标配合、方案报建及方案深化；&nbsp;<br style="font-family: Simsun; white-space: normal; background-color: rgb(255, 255, 255); font-size: medium; line-height: 24px; "/>3、带领团队完成大中型项目的建筑设计工作任务及施工图配合；<br style="font-family: Simsun; white-space: normal; background-color: rgb(255, 255, 255); font-size: medium; line-height: 24px; "/>4、独立完成与甲方的沟通、汇报和协调工作。<br style="font-family: Simsun; white-space: normal; background-color: rgb(255, 255, 255); font-size: medium; line-height: 24px; "/>任职资格：<br style="font-family: Simsun; white-space: normal; background-color: rgb(255, 255, 255); font-size: medium; line-height: 24px; "/>1、建筑学（建筑设计及其理论）本科以上学历；<br style="font-family: Simsun; white-space: normal; background-color: rgb(255, 255, 255); font-size: medium; line-height: 24px; "/>2、具有中级及以上职称，并有一级注册建筑师资格证书；<br style="font-family: Simsun; white-space: normal; background-color: rgb(255, 255, 255); font-size: medium; line-height: 24px; "/>3、5年以上大型甲级设计院或公司工作经历，并担任过项目建筑师角色，<br style="font-family: Simsun; white-space: normal; background-color: rgb(255, 255, 255); font-size: medium; line-height: 24px; "/>4、能准确理解、把握项目及业主需求，善于沟通协调；<br style="font-family: Simsun; white-space: normal; background-color: rgb(255, 255, 255); font-size: medium; line-height: 24px; "/>5、擅长施工图设计和项目设计的组织管理，具有较丰富工地现场经验；<br style="font-family: Simsun; white-space: normal; background-color: rgb(255, 255, 255); font-size: medium; line-height: 24px; "/>6、对于同济设计集团的企业文化和价值取向具有强烈的认同感和归属感；<br style="font-family: Simsun; white-space: normal; background-color: rgb(255, 255, 255); font-size: medium; line-height: 24px; "/>7、具有良好的沟通能力、团队精神和敬业精神，热爱本职工作，责任感强。<br style="font-family: Simsun; white-space: normal; background-color: rgb(255, 255, 255); font-size: medium; line-height: 24px; "/><br style="font-family: Simsun; white-space: normal; background-color: rgb(255, 255, 255); font-size: medium; line-height: 24px; "/>●&nbsp;建筑设计师<br style="font-family: Simsun; white-space: normal; background-color: rgb(255, 255, 255); font-size: medium; line-height: 24px; "/>岗位职责：<br style="font-family: Simsun; white-space: normal; background-color: rgb(255, 255, 255); font-size: medium; line-height: 24px; "/>独立及合作承担大中型项目的建筑设计工作；<br style="font-family: Simsun; white-space: normal; background-color: rgb(255, 255, 255); font-size: medium; line-height: 24px; "/>任职资格：<br style="font-family: Simsun; white-space: normal; background-color: rgb(255, 255, 255); font-size: medium; line-height: 24px; "/>1、建筑学专业本科及以上学历，从事建筑设计工作3年以上；<br style="font-family: Simsun; white-space: normal; background-color: rgb(255, 255, 255); font-size: medium; line-height: 24px; "/>2、在大型建筑设计院独立承担过商业、办公等大型民用建筑设计工作；<br style="font-family: Simsun; white-space: normal; background-color: rgb(255, 255, 255); font-size: medium; line-height: 24px; "/>3、具有一级注册建筑师资质者优先；<br style="font-family: Simsun; white-space: normal; background-color: rgb(255, 255, 255); font-size: medium; line-height: 24px; "/>4、对于同济设计集团的企业文化和价值取向具有强烈的认同感和归属感；<br style="font-family: Simsun; white-space: normal; background-color: rgb(255, 255, 255); font-size: medium; line-height: 24px; "/>5、具有良好的沟通能力、团队精神和敬业精神，热爱本职工作，责任感强。<br style="font-family: Simsun; white-space: normal; background-color: rgb(255, 255, 255); font-size: medium; line-height: 24px; "/><br style="font-family: Simsun; white-space: normal; background-color: rgb(255, 255, 255); font-size: medium; line-height: 24px; "/>●&nbsp;高级结构设计师 / 结构设计师<br style="font-family: Simsun; white-space: normal; background-color: rgb(255, 255, 255); font-size: medium; line-height: 24px; "/>岗位职责：<br style="font-family: Simsun; white-space: normal; background-color: rgb(255, 255, 255); font-size: medium; line-height: 24px; "/>1、合理的进行团队内工作分析和人力安排；<br style="font-family: Simsun; white-space: normal; background-color: rgb(255, 255, 255); font-size: medium; line-height: 24px; "/>2、有效地进行项目沟通和维护良好的客户关系；<br style="font-family: Simsun; white-space: normal; background-color: rgb(255, 255, 255); font-size: medium; line-height: 24px; "/>3、主持各类项目结构设计。<br style="font-family: Simsun; white-space: normal; background-color: rgb(255, 255, 255); font-size: medium; line-height: 24px; "/>任职资格：<br style="font-family: Simsun; white-space: normal; background-color: rgb(255, 255, 255); font-size: medium; line-height: 24px; "/>1、土木工程或相关专业，本科或以上学历，5年以上相关工作经验；<br style="font-family: Simsun; white-space: normal; background-color: rgb(255, 255, 255); font-size: medium; line-height: 24px; "/>2、具有中级及以上职称，并有一级注册结构工程师资格证书；<br style="font-family: Simsun; white-space: normal; background-color: rgb(255, 255, 255); font-size: medium; line-height: 24px; "/>3、优秀的组织管理和沟通协调能力；&nbsp;<br style="font-family: Simsun; white-space: normal; background-color: rgb(255, 255, 255); font-size: medium; line-height: 24px; "/>4、对于同济设计集团的企业文化和价值取向具有强烈的认同感和归属感；<br style="font-family: Simsun; white-space: normal; background-color: rgb(255, 255, 255); font-size: medium; line-height: 24px; "/>5、具有良好的沟通能力、团队精神和敬业精神，热爱本职工作，责任感强。<br style="font-family: Simsun; white-space: normal; background-color: rgb(255, 255, 255); font-size: medium; line-height: 24px; "/><br style="font-family: Simsun; white-space: normal; background-color: rgb(255, 255, 255); font-size: medium; line-height: 24px; "/>●&nbsp;暖通专业负责人<br style="font-family: Simsun; white-space: normal; background-color: rgb(255, 255, 255); font-size: medium; line-height: 24px; "/>岗位职责：<br style="font-family: Simsun; white-space: normal; background-color: rgb(255, 255, 255); font-size: medium; line-height: 24px; "/>1、合理地进行暖通专业的工作分析和任务安排；<br style="font-family: Simsun; white-space: normal; background-color: rgb(255, 255, 255); font-size: medium; line-height: 24px; "/>2、带教工程师；<br style="font-family: Simsun; white-space: normal; background-color: rgb(255, 255, 255); font-size: medium; line-height: 24px; "/>3、项目团队管理工作；<br style="font-family: Simsun; white-space: normal; background-color: rgb(255, 255, 255); font-size: medium; line-height: 24px; "/>4、处理施工中本专业较为复杂的专业问题；<br style="font-family: Simsun; white-space: normal; background-color: rgb(255, 255, 255); font-size: medium; line-height: 24px; "/>5、校队、审核、分析和评价本专业设计水平；<br style="font-family: Simsun; white-space: normal; background-color: rgb(255, 255, 255); font-size: medium; line-height: 24px; "/>6、根据工程特点编写本专业统一技术措施；<br style="font-family: Simsun; white-space: normal; background-color: rgb(255, 255, 255); font-size: medium; line-height: 24px; "/>7、控制项目按时、按质完成。<br style="font-family: Simsun; white-space: normal; background-color: rgb(255, 255, 255); font-size: medium; line-height: 24px; "/>任职资格：<br style="font-family: Simsun; white-space: normal; background-color: rgb(255, 255, 255); font-size: medium; line-height: 24px; "/>1、暖通相关专业，本科或以上学历，八年以上相关工作经验，具有国家注册设备（暖通）工程师资格；<br style="font-family: Simsun; white-space: normal; background-color: rgb(255, 255, 255); font-size: medium; line-height: 24px; "/>2、扎实的理论基础，熟悉与其相关专业的基本知识；<br style="font-family: Simsun; white-space: normal; background-color: rgb(255, 255, 255); font-size: medium; line-height: 24px; "/>3、了解建筑施工、安装方面的基本情况；<br style="font-family: Simsun; white-space: normal; background-color: rgb(255, 255, 255); font-size: medium; line-height: 24px; "/>4、了解基本建设及城市规划、环保、市政等方面的政策法规和有关标准；<br style="font-family: Simsun; white-space: normal; background-color: rgb(255, 255, 255); font-size: medium; line-height: 24px; "/>5、掌握本专业设计规范、并对相关专业设计规范有较全面了解；<br style="font-family: Simsun; white-space: normal; background-color: rgb(255, 255, 255); font-size: medium; line-height: 24px; "/>6、思维缜密、条理清晰；<br style="font-family: Simsun; white-space: normal; background-color: rgb(255, 255, 255); font-size: medium; line-height: 24px; "/>7、良好的管理能力和沟通协调能力；<br style="font-family: Simsun; white-space: normal; background-color: rgb(255, 255, 255); font-size: medium; line-height: 24px; "/>8、良好的团队合作精神；<br style="font-family: Simsun; white-space: normal; background-color: rgb(255, 255, 255); font-size: medium; line-height: 24px; "/>9、有进取精神和事业心，能承受较强工作压力。<br style="font-family: Simsun; white-space: normal; background-color: rgb(255, 255, 255); font-size: medium; line-height: 24px; "/><br style="font-family: Simsun; white-space: normal; background-color: rgb(255, 255, 255); font-size: medium; line-height: 24px; "/>●&nbsp;电气设计师<br style="font-family: Simsun; white-space: normal; background-color: rgb(255, 255, 255); font-size: medium; line-height: 24px; "/>岗位职责：<br style="font-family: Simsun; white-space: normal; background-color: rgb(255, 255, 255); font-size: medium; line-height: 24px; "/>1、理解、执行和贯彻上级的工作要求；&nbsp;<br style="font-family: Simsun; white-space: normal; background-color: rgb(255, 255, 255); font-size: medium; line-height: 24px; "/>2、熟悉基础设计理论和方法，熟练运用常用设计程序；&nbsp;<br style="font-family: Simsun; white-space: normal; background-color: rgb(255, 255, 255); font-size: medium; line-height: 24px; "/>3、独立完成相关的工作安排。<br style="font-family: Simsun; white-space: normal; background-color: rgb(255, 255, 255); font-size: medium; line-height: 24px; "/>任职资格：<br style="font-family: Simsun; white-space: normal; background-color: rgb(255, 255, 255); font-size: medium; line-height: 24px; "/>1、本科及以上学历；<br style="font-family: Simsun; white-space: normal; background-color: rgb(255, 255, 255); font-size: medium; line-height: 24px; "/>2、三年以上电气设计经验及熟练掌握CAD及其他与建筑设备设计相关的软件；<br style="font-family: Simsun; white-space: normal; background-color: rgb(255, 255, 255); font-size: medium; line-height: 24px; "/>3、具备良好的职业质素和很强的施工图能力；<br style="font-family: Simsun; white-space: normal; background-color: rgb(255, 255, 255); font-size: medium; line-height: 24px; "/>4、有大型建筑设计院工作经验者优先，国家注册电气工程师优先考虑。<br style="font-family: Simsun; white-space: normal; background-color: rgb(255, 255, 255); font-size: medium; line-height: 24px; "/><br style="font-family: Simsun; white-space: normal; background-color: rgb(255, 255, 255); font-size: medium; line-height: 24px; "/>●&nbsp;BIM设计师（建筑专业）<br style="font-family: Simsun; white-space: normal; background-color: rgb(255, 255, 255); font-size: medium; line-height: 24px; "/>岗位职责：<br style="font-family: Simsun; white-space: normal; background-color: rgb(255, 255, 255); font-size: medium; line-height: 24px; "/>1、从事建筑专业的工程项目设计工作；<br style="font-family: Simsun; white-space: normal; background-color: rgb(255, 255, 255); font-size: medium; line-height: 24px; "/>2、进行本专业的设计计算、工程研究、技术经济比较和各阶段的设计文件编制；<br style="font-family: Simsun; white-space: normal; background-color: rgb(255, 255, 255); font-size: medium; line-height: 24px; "/>3、有计划地控制所负责设计项目的相应工作按时、按质、按量完成。<br style="font-family: Simsun; white-space: normal; background-color: rgb(255, 255, 255); font-size: medium; line-height: 24px; "/>任职资格：<br style="font-family: Simsun; white-space: normal; background-color: rgb(255, 255, 255); font-size: medium; line-height: 24px; "/>1、建筑学专业，大学本科毕业及以上学历；<br style="font-family: Simsun; white-space: normal; background-color: rgb(255, 255, 255); font-size: medium; line-height: 24px; "/>2、能以英语作为工作语言，口语交谈流利，正确、熟练地应用英语编制设计文件及处理日常工作；<br style="font-family: Simsun; white-space: normal; background-color: rgb(255, 255, 255); font-size: medium; line-height: 24px; "/>3、具有海外学习或工作经历者优先；<br style="font-family: Simsun; white-space: normal; background-color: rgb(255, 255, 255); font-size: medium; line-height: 24px; "/>4、能熟练使用BIM技术和AutoCAD Revit等应用软件，从事三维化设计工作；<br style="font-family: Simsun; white-space: normal; background-color: rgb(255, 255, 255); font-size: medium; line-height: 24px; "/>5、掌握本专业设计规范及标准，并对相关专业设计规范及标准有较全面的了解；<br style="font-family: Simsun; white-space: normal; background-color: rgb(255, 255, 255); font-size: medium; line-height: 24px; "/>6、思维缜密、条理清晰，具有从事本专业设计的良好素质。<br style="font-family: Simsun; white-space: normal; background-color: rgb(255, 255, 255); font-size: medium; line-height: 24px; "/>7、耐心、细致、诚恳，具备优秀的团队合作精神，具有良好的沟通、协调能力和自我管理能力。<br style="font-family: Simsun; white-space: normal; background-color: rgb(255, 255, 255); font-size: medium; line-height: 24px; "/><br style="font-family: Simsun; white-space: normal; background-color: rgb(255, 255, 255); font-size: medium; line-height: 24px; "/>●&nbsp;节能评估工程师<br style="font-family: Simsun; white-space: normal; background-color: rgb(255, 255, 255); font-size: medium; line-height: 24px; "/>岗位职责：<br style="font-family: Simsun; white-space: normal; background-color: rgb(255, 255, 255); font-size: medium; line-height: 24px; "/>1、撰写节能评估分析报告，具备正确理解建筑设计方案、评估建筑系统的技能，包括量化能源系统的节能效果及节能措施经济性分析；<br style="font-family: Simsun; white-space: normal; background-color: rgb(255, 255, 255); font-size: medium; line-height: 24px; "/>2、建筑生态节能设计模拟分析，包括：日照、自然采光、自然通风、建筑能耗、建筑环境舒适度等；<br style="font-family: Simsun; white-space: normal; background-color: rgb(255, 255, 255); font-size: medium; line-height: 24px; "/>3、建筑节能、节能评估等相关课题的研究工作。<br style="font-family: Simsun; white-space: normal; background-color: rgb(255, 255, 255); font-size: medium; line-height: 24px; "/>任职资格：<br style="font-family: Simsun; white-space: normal; background-color: rgb(255, 255, 255); font-size: medium; line-height: 24px; "/>1、本科以上学历，能源、暖通、电气、给排水、建筑技术、可持续建筑、建筑热物理等专业毕业，研究生学历者优先；<br style="font-family: Simsun; white-space: normal; background-color: rgb(255, 255, 255); font-size: medium; line-height: 24px; "/>2、具有三年以上建筑节能方面工作经验；<br style="font-family: Simsun; white-space: normal; background-color: rgb(255, 255, 255); font-size: medium; line-height: 24px; "/>3、具有一定的分析研究能力，良好的文字及报告撰写能力；<br style="font-family: Simsun; white-space: normal; background-color: rgb(255, 255, 255); font-size: medium; line-height: 24px; "/>4、熟练运用一种建筑能耗分析软件及一种CFD模拟分析软件；<br style="font-family: Simsun; white-space: normal; background-color: rgb(255, 255, 255); font-size: medium; line-height: 24px; "/>5、有良好的外语阅读能力和口语表达能力，有国外相关专业留学背景优先；<br style="font-family: Simsun; white-space: normal; background-color: rgb(255, 255, 255); font-size: medium; line-height: 24px; "/>6、工作严谨细致，乐于交流，有团队合作精神；<br style="font-family: Simsun; white-space: normal; background-color: rgb(255, 255, 255); font-size: medium; line-height: 24px; "/>7、参与或独立编制过工业、民用项目节能评估报告文件者优先；<br style="font-family: Simsun; white-space: normal; background-color: rgb(255, 255, 255); font-size: medium; line-height: 24px; "/>8、具有注册咨询工程师资格者优先。<br style="font-family: Simsun; white-space: normal; background-color: rgb(255, 255, 255); font-size: medium; line-height: 24px; "/><br style="font-family: Simsun; white-space: normal; background-color: rgb(255, 255, 255); font-size: medium; line-height: 24px; "/>●&nbsp;绿色建筑咨询工程师<br style="font-family: Simsun; white-space: normal; background-color: rgb(255, 255, 255); font-size: medium; line-height: 24px; "/>岗位职责：<br style="font-family: Simsun; white-space: normal; background-color: rgb(255, 255, 255); font-size: medium; line-height: 24px; "/>1、绿色建筑全过程咨询及技术指导工作：<br style="font-family: Simsun; white-space: normal; background-color: rgb(255, 255, 255); font-size: medium; line-height: 24px; "/>1）编制前期策划书、技术经济分析报告等；<br style="font-family: Simsun; white-space: normal; background-color: rgb(255, 255, 255); font-size: medium; line-height: 24px; "/>2）编制专项分析报告、技术指导文件、图纸审核意见等；<br style="font-family: Simsun; white-space: normal; background-color: rgb(255, 255, 255); font-size: medium; line-height: 24px; "/>3）进行模拟分析研究，包括通风采光、日照光污、综合能耗、热舒适度、环境噪声等；<br style="font-family: Simsun; white-space: normal; background-color: rgb(255, 255, 255); font-size: medium; line-height: 24px; "/>4）参加各专项讨论、设计协调及现场协调会；<br style="font-family: Simsun; white-space: normal; background-color: rgb(255, 255, 255); font-size: medium; line-height: 24px; "/>5）指导完成施工图的深化设计；<br style="font-family: Simsun; white-space: normal; background-color: rgb(255, 255, 255); font-size: medium; line-height: 24px; "/>6）组织完成国家绿色建筑、美国LEED评价、示范工程等的全过程申报；<br style="font-family: Simsun; white-space: normal; background-color: rgb(255, 255, 255); font-size: medium; line-height: 24px; "/>2、低碳社区策划与导则标准编制；<br style="font-family: Simsun; white-space: normal; background-color: rgb(255, 255, 255); font-size: medium; line-height: 24px; "/>3、绿色建筑、建筑节能等相关课题研究。<br style="font-family: Simsun; white-space: normal; background-color: rgb(255, 255, 255); font-size: medium; line-height: 24px; "/>任职资格：<br style="font-family: Simsun; white-space: normal; background-color: rgb(255, 255, 255); font-size: medium; line-height: 24px; "/>1、本科以上学历，暖通、电气、建筑热物理、建筑技术、可持续建筑等专业毕业，研究生学历者优先；<br style="font-family: Simsun; white-space: normal; background-color: rgb(255, 255, 255); font-size: medium; line-height: 24px; "/>2、具备生态节能建筑理论基础，具有良好的文字报告撰写能力及良好的沟通协调能力；<br style="font-family: Simsun; white-space: normal; background-color: rgb(255, 255, 255); font-size: medium; line-height: 24px; "/>3、从事工程设计工作3年以上或咨询工作2年以上者优先；<br style="font-family: Simsun; white-space: normal; background-color: rgb(255, 255, 255); font-size: medium; line-height: 24px; "/>4、有良好的外语阅读写作能力和口语表达能力，有国外相关专业留学背景优先；<br style="font-family: Simsun; white-space: normal; background-color: rgb(255, 255, 255); font-size: medium; line-height: 24px; "/>5、熟悉国家绿色建筑评价标准及其他认证体系（LEED等），具有LEEDAP/GA或其他绿色建筑认证资格者优先；<br style="font-family: Simsun; white-space: normal; background-color: rgb(255, 255, 255); font-size: medium; line-height: 24px; "/>6、熟练运用一种建筑能耗分析软件、绿色建筑评估软件及一种CFD模拟分析软件；<br style="font-family: Simsun; white-space: normal; background-color: rgb(255, 255, 255); font-size: medium; line-height: 24px; "/>7、熟练使用相关软件，如AutoCAD,　MS　Office,　PowerPoint,　photoshop等。</span></p>', '', 0),
(37, 0, '<p><span style="font-family: 微软雅黑,Microsoft YaHei;">央企院组<br style="background-color: rgb(249, 249, 249); font-family: Geneva, Arial, Helvetica, sans-serif; color: rgb(0, 0, 0); "/>&nbsp;<br style="background-color: rgb(249, 249, 249); font-family: Geneva, Arial, Helvetica, sans-serif; color: rgb(0, 0, 0); "/>中国电子工程设计院<br style="background-color: rgb(249, 249, 249); font-family: Geneva, Arial, Helvetica, sans-serif; color: rgb(0, 0, 0); "/>中国中元国际工程公司<br style="background-color: rgb(249, 249, 249); font-family: Geneva, Arial, Helvetica, sans-serif; color: rgb(0, 0, 0); "/>中国建筑科学研究院<br style="background-color: rgb(249, 249, 249); font-family: Geneva, Arial, Helvetica, sans-serif; color: rgb(0, 0, 0); "/>中国五洲工程设计有限公司<br style="background-color: rgb(249, 249, 249); font-family: Geneva, Arial, Helvetica, sans-serif; color: rgb(0, 0, 0); "/>中国兵器工业北方工程设计研究院有限公司<br style="background-color: rgb(249, 249, 249); font-family: Geneva, Arial, Helvetica, sans-serif; color: rgb(0, 0, 0); "/>中广电广播电影电视设计研究院<br style="background-color: rgb(249, 249, 249); font-family: Geneva, Arial, Helvetica, sans-serif; color: rgb(0, 0, 0); "/>中科院建筑设计研究院有限公司<br style="background-color: rgb(249, 249, 249); font-family: Geneva, Arial, Helvetica, sans-serif; color: rgb(0, 0, 0); "/>中国建筑标准设计研究院<br style="background-color: rgb(249, 249, 249); font-family: Geneva, Arial, Helvetica, sans-serif; color: rgb(0, 0, 0); "/>中国航空规划建设发展有限公司<br style="background-color: rgb(249, 249, 249); font-family: Geneva, Arial, Helvetica, sans-serif; color: rgb(0, 0, 0); "/>中国中建设计集团有限公司<br style="background-color: rgb(249, 249, 249); font-family: Geneva, Arial, Helvetica, sans-serif; color: rgb(0, 0, 0); "/>CCDI中建国际（深圳）设计顾问有限公司<br style="background-color: rgb(249, 249, 249); font-family: Geneva, Arial, Helvetica, sans-serif; color: rgb(0, 0, 0); "/>中国建筑西南设计研究院有限公司<br style="background-color: rgb(249, 249, 249); font-family: Geneva, Arial, Helvetica, sans-serif; color: rgb(0, 0, 0); "/>信息产业电子第十一设计研究院科技工程股份有限公司<br style="background-color: rgb(249, 249, 249); font-family: Geneva, Arial, Helvetica, sans-serif; color: rgb(0, 0, 0); "/>中南建筑设计院股份有限公司<br style="background-color: rgb(249, 249, 249); font-family: Geneva, Arial, Helvetica, sans-serif; color: rgb(0, 0, 0); "/>中国建筑西北设计研究院有限公司<br style="background-color: rgb(249, 249, 249); font-family: Geneva, Arial, Helvetica, sans-serif; color: rgb(0, 0, 0); "/>中国建筑东北设计研究院有限公司<br style="background-color: rgb(249, 249, 249); font-family: Geneva, Arial, Helvetica, sans-serif; color: rgb(0, 0, 0); "/>中国联合工程公司<br style="background-color: rgb(249, 249, 249); font-family: Geneva, Arial, Helvetica, sans-serif; color: rgb(0, 0, 0); "/>深圳华森建筑与工程设计顾问有限公司<br style="background-color: rgb(249, 249, 249); font-family: Geneva, Arial, Helvetica, sans-serif; color: rgb(0, 0, 0); "/>华东建筑设计研究院有限公司<br style="background-color: rgb(249, 249, 249); font-family: Geneva, Arial, Helvetica, sans-serif; color: rgb(0, 0, 0); "/>中国建筑设计研究院<br style="background-color: rgb(249, 249, 249); font-family: Geneva, Arial, Helvetica, sans-serif; color: rgb(0, 0, 0); "/>上海现代建筑设计（集团）有限公司<br style="background-color: rgb(249, 249, 249); font-family: Geneva, Arial, Helvetica, sans-serif; color: rgb(0, 0, 0); "/>泛华建设集团有限公司<br style="background-color: rgb(249, 249, 249); font-family: Geneva, Arial, Helvetica, sans-serif; color: rgb(0, 0, 0); "/>总后勤部建筑工程规划设计研究院<br style="background-color: rgb(249, 249, 249); font-family: Geneva, Arial, Helvetica, sans-serif; color: rgb(0, 0, 0); "/>&nbsp;<br style="background-color: rgb(249, 249, 249); font-family: Geneva, Arial, Helvetica, sans-serif; color: rgb(0, 0, 0); "/>地方院组<br style="background-color: rgb(249, 249, 249); font-family: Geneva, Arial, Helvetica, sans-serif; color: rgb(0, 0, 0); "/>&nbsp;<br style="background-color: rgb(249, 249, 249); font-family: Geneva, Arial, Helvetica, sans-serif; color: rgb(0, 0, 0); "/>北京市建筑设计研究院<br style="background-color: rgb(249, 249, 249); font-family: Geneva, Arial, Helvetica, sans-serif; color: rgb(0, 0, 0); "/>上海建筑设计研究院有限公司<br style="background-color: rgb(249, 249, 249); font-family: Geneva, Arial, Helvetica, sans-serif; color: rgb(0, 0, 0); "/>天津市建筑设计院<br style="background-color: rgb(249, 249, 249); font-family: Geneva, Arial, Helvetica, sans-serif; color: rgb(0, 0, 0); "/>重庆市设计院<br style="background-color: rgb(249, 249, 249); font-family: Geneva, Arial, Helvetica, sans-serif; color: rgb(0, 0, 0); "/>四川省建筑设计院<br style="background-color: rgb(249, 249, 249); font-family: Geneva, Arial, Helvetica, sans-serif; color: rgb(0, 0, 0); "/>浙江省建筑设计研究院<br style="background-color: rgb(249, 249, 249); font-family: Geneva, Arial, Helvetica, sans-serif; color: rgb(0, 0, 0); "/>山东省建筑设计研究院<br style="background-color: rgb(249, 249, 249); font-family: Geneva, Arial, Helvetica, sans-serif; color: rgb(0, 0, 0); "/>陕西省建筑设计研究院有限公司<br style="background-color: rgb(249, 249, 249); font-family: Geneva, Arial, Helvetica, sans-serif; color: rgb(0, 0, 0); "/>江苏省建筑设计研究院有限公司<br style="background-color: rgb(249, 249, 249); font-family: Geneva, Arial, Helvetica, sans-serif; color: rgb(0, 0, 0); "/>安徽省建筑设计研究院有限公司<br style="background-color: rgb(249, 249, 249); font-family: Geneva, Arial, Helvetica, sans-serif; color: rgb(0, 0, 0); "/>山西省建筑设计研究院<br style="background-color: rgb(249, 249, 249); font-family: Geneva, Arial, Helvetica, sans-serif; color: rgb(0, 0, 0); "/>云南省设计院<br style="background-color: rgb(249, 249, 249); font-family: Geneva, Arial, Helvetica, sans-serif; color: rgb(0, 0, 0); "/>甘肃省建筑设计研究院<br style="background-color: rgb(249, 249, 249); font-family: Geneva, Arial, Helvetica, sans-serif; color: rgb(0, 0, 0); "/>宁夏建筑设计研究院有限公司<br style="background-color: rgb(249, 249, 249); font-family: Geneva, Arial, Helvetica, sans-serif; color: rgb(0, 0, 0); "/>辽宁省建筑设计研究院<br style="background-color: rgb(249, 249, 249); font-family: Geneva, Arial, Helvetica, sans-serif; color: rgb(0, 0, 0); "/>吉林省建筑设计院有限责任公司<br style="background-color: rgb(249, 249, 249); font-family: Geneva, Arial, Helvetica, sans-serif; color: rgb(0, 0, 0); "/>河南省建筑设计研究院有限公司<br style="background-color: rgb(249, 249, 249); font-family: Geneva, Arial, Helvetica, sans-serif; color: rgb(0, 0, 0); "/>贵州省建筑设计研究院<br style="background-color: rgb(249, 249, 249); font-family: Geneva, Arial, Helvetica, sans-serif; color: rgb(0, 0, 0); "/>广西华蓝设计（集团）有限公司<br style="background-color: rgb(249, 249, 249); font-family: Geneva, Arial, Helvetica, sans-serif; color: rgb(0, 0, 0); "/>内蒙古建筑勘察设计研究院有限公司<br style="background-color: rgb(249, 249, 249); font-family: Geneva, Arial, Helvetica, sans-serif; color: rgb(0, 0, 0); "/>湖南省建筑设计院<br style="background-color: rgb(249, 249, 249); font-family: Geneva, Arial, Helvetica, sans-serif; color: rgb(0, 0, 0); "/>江西省建筑设计研究总院<br style="background-color: rgb(249, 249, 249); font-family: Geneva, Arial, Helvetica, sans-serif; color: rgb(0, 0, 0); "/>西藏自治区建筑勘察设计院<br style="background-color: rgb(249, 249, 249); font-family: Geneva, Arial, Helvetica, sans-serif; color: rgb(0, 0, 0); "/>黑龙江省建筑设计研究院<br style="background-color: rgb(249, 249, 249); font-family: Geneva, Arial, Helvetica, sans-serif; color: rgb(0, 0, 0); "/>河北建筑设计研究院有限责任公司<br style="background-color: rgb(249, 249, 249); font-family: Geneva, Arial, Helvetica, sans-serif; color: rgb(0, 0, 0); "/>新疆维吾尔自治区建筑设计研究院<br style="background-color: rgb(249, 249, 249); font-family: Geneva, Arial, Helvetica, sans-serif; color: rgb(0, 0, 0); "/>青海省建筑勘察设计研究院有限公司<br style="background-color: rgb(249, 249, 249); font-family: Geneva, Arial, Helvetica, sans-serif; color: rgb(0, 0, 0); "/>广东省建筑设计研究院<br style="background-color: rgb(249, 249, 249); font-family: Geneva, Arial, Helvetica, sans-serif; color: rgb(0, 0, 0); "/>福建省建筑设计研究院<br style="background-color: rgb(249, 249, 249); font-family: Geneva, Arial, Helvetica, sans-serif; color: rgb(0, 0, 0); "/>北京维拓时代建筑设计有限公司<br style="background-color: rgb(249, 249, 249); font-family: Geneva, Arial, Helvetica, sans-serif; color: rgb(0, 0, 0); "/>深圳市建筑设计研究总院有限公司<br style="background-color: rgb(249, 249, 249); font-family: Geneva, Arial, Helvetica, sans-serif; color: rgb(0, 0, 0); "/>广州市设计院<br style="background-color: rgb(249, 249, 249); font-family: Geneva, Arial, Helvetica, sans-serif; color: rgb(0, 0, 0); "/>中信建筑设计研究总院有限公司<br style="background-color: rgb(249, 249, 249); font-family: Geneva, Arial, Helvetica, sans-serif; color: rgb(0, 0, 0); "/>山东同圆设计集团有限公司<br style="background-color: rgb(249, 249, 249); font-family: Geneva, Arial, Helvetica, sans-serif; color: rgb(0, 0, 0); "/>烟台市建筑设计研究股份有限公司<br style="background-color: rgb(249, 249, 249); font-family: Geneva, Arial, Helvetica, sans-serif; color: rgb(0, 0, 0); "/>苏州市建筑设计研究院有限责任公司<br style="background-color: rgb(249, 249, 249); font-family: Geneva, Arial, Helvetica, sans-serif; color: rgb(0, 0, 0); "/>贵阳市建筑设计院有限公司<br style="background-color: rgb(249, 249, 249); color: rgb(0, 0, 0); "/>太原市建筑设计研究院<br style="background-color: rgb(249, 249, 249); font-family: Geneva, Arial, Helvetica, sans-serif; color: rgb(0, 0, 0); "/>昆明市建筑设计研究院有限公司<br style="background-color: rgb(249, 249, 249); font-family: Geneva, Arial, Helvetica, sans-serif; color: rgb(0, 0, 0); "/>大连市建筑设计研究院有限公司<br style="background-color: rgb(249, 249, 249); font-family: Geneva, Arial, Helvetica, sans-serif; color: rgb(0, 0, 0); "/>哈尔滨市建筑设计院<br style="background-color: rgb(249, 249, 249); font-family: Geneva, Arial, Helvetica, sans-serif; color: rgb(0, 0, 0); "/>福州市建筑设计院<br style="background-color: rgb(249, 249, 249); font-family: Geneva, Arial, Helvetica, sans-serif; color: rgb(0, 0, 0); "/>深圳市建筑科学研究院有限公司<br style="background-color: rgb(249, 249, 249); font-family: Geneva, Arial, Helvetica, sans-serif; color: rgb(0, 0, 0); "/>兰州市城市建设设计院<br style="background-color: rgb(249, 249, 249); font-family: Geneva, Arial, Helvetica, sans-serif; color: rgb(0, 0, 0); "/>&nbsp;<br style="background-color: rgb(249, 249, 249); font-family: Geneva, Arial, Helvetica, sans-serif; color: rgb(0, 0, 0); "/>高校院组<br style="background-color: rgb(249, 249, 249); font-family: Geneva, Arial, Helvetica, sans-serif; color: rgb(0, 0, 0); "/>&nbsp;<br style="background-color: rgb(249, 249, 249); font-family: Geneva, Arial, Helvetica, sans-serif; color: rgb(0, 0, 0); "/></span></p><p><span style="font-family: 微软雅黑,Microsoft YaHei;">中国美术学院风景建筑设计研究院</span></p><p><span style="font-family: 微软雅黑,Microsoft YaHei;">清华大学建筑设计研究院<br/></span></p><p><span style="font-family: 微软雅黑,Microsoft YaHei;">同济大学建筑设计研究院集团公司<br style="background-color: rgb(249, 249, 249); font-family: Geneva, Arial, Helvetica, sans-serif; color: rgb(0, 0, 0); "/>天津大学建筑设计研究院<br style="background-color: rgb(249, 249, 249); font-family: Geneva, Arial, Helvetica, sans-serif; color: rgb(0, 0, 0); "/>重庆大学建筑设计研究院<br style="background-color: rgb(249, 249, 249); font-family: Geneva, Arial, Helvetica, sans-serif; color: rgb(0, 0, 0); "/>浙江大学建筑设计研究院<br style="background-color: rgb(249, 249, 249); font-family: Geneva, Arial, Helvetica, sans-serif; color: rgb(0, 0, 0); "/>浙江工业大学建筑规划设计研究院有限公司<br style="background-color: rgb(249, 249, 249); font-family: Geneva, Arial, Helvetica, sans-serif; color: rgb(0, 0, 0); "/>武汉华中科技大学建筑设计研究院<br style="background-color: rgb(249, 249, 249); font-family: Geneva, Arial, Helvetica, sans-serif; color: rgb(0, 0, 0); "/>西安建筑科技大学建筑设计研究院<br style="background-color: rgb(249, 249, 249); font-family: Geneva, Arial, Helvetica, sans-serif; color: rgb(0, 0, 0); "/>东南大学建筑设计研究院有限公司<br style="background-color: rgb(249, 249, 249); font-family: Geneva, Arial, Helvetica, sans-serif; color: rgb(0, 0, 0); "/>合肥工业大学建筑设计研究院<br style="background-color: rgb(249, 249, 249); font-family: Geneva, Arial, Helvetica, sans-serif; color: rgb(0, 0, 0); "/>内蒙古工业大学建筑设计有限责任公司<br style="background-color: rgb(249, 249, 249); font-family: Geneva, Arial, Helvetica, sans-serif; color: rgb(0, 0, 0); "/>湖南大学设计研究院有限公司<br style="background-color: rgb(249, 249, 249); font-family: Geneva, Arial, Helvetica, sans-serif; color: rgb(0, 0, 0); "/>哈尔滨工业大学建筑设计研究院<br style="background-color: rgb(249, 249, 249); font-family: Geneva, Arial, Helvetica, sans-serif; color: rgb(0, 0, 0); "/>华南理工大学建筑设计研究院<br style="background-color: rgb(249, 249, 249); font-family: Geneva, Arial, Helvetica, sans-serif; color: rgb(0, 0, 0); "/>深圳大学建筑设计研究院<br style="background-color: rgb(249, 249, 249); font-family: Geneva, Arial, Helvetica, sans-serif; color: rgb(0, 0, 0); "/>北京华清安地建筑设计事务所有限公司<br style="background-color: rgb(249, 249, 249); font-family: Geneva, Arial, Helvetica, sans-serif; color: rgb(0, 0, 0); "/>&nbsp;<br style="background-color: rgb(249, 249, 249); font-family: Geneva, Arial, Helvetica, sans-serif; color: rgb(0, 0, 0); "/>民营院组<br style="background-color: rgb(249, 249, 249); font-family: Geneva, Arial, Helvetica, sans-serif; color: rgb(0, 0, 0); "/>&nbsp;<br style="background-color: rgb(249, 249, 249); font-family: Geneva, Arial, Helvetica, sans-serif; color: rgb(0, 0, 0); "/>建学建筑与工程设计所有限公司<br style="background-color: rgb(249, 249, 249); font-family: Geneva, Arial, Helvetica, sans-serif; color: rgb(0, 0, 0); "/>天津中怡建筑规划设计有限公司<br style="background-color: rgb(249, 249, 249); font-family: Geneva, Arial, Helvetica, sans-serif; color: rgb(0, 0, 0); "/>青岛腾远设计事务所有限公司<br style="background-color: rgb(249, 249, 249); font-family: Geneva, Arial, Helvetica, sans-serif; color: rgb(0, 0, 0); "/>南京长江都市建筑设计股份有限公司<br style="background-color: rgb(249, 249, 249); font-family: Geneva, Arial, Helvetica, sans-serif; color: rgb(0, 0, 0); "/>广州瀚华建筑设计有限公司<br style="background-color: rgb(249, 249, 249); font-family: Geneva, Arial, Helvetica, sans-serif; color: rgb(0, 0, 0); "/>新疆玉点建筑设计研究院有限公司<br style="background-color: rgb(249, 249, 249); font-family: Geneva, Arial, Helvetica, sans-serif; color: rgb(0, 0, 0); "/>华通设计顾问工程有限公司<br style="background-color: rgb(249, 249, 249); font-family: Geneva, Arial, Helvetica, sans-serif; color: rgb(0, 0, 0); "/>天津华汇工程建筑设计有限公司<br style="background-color: rgb(249, 249, 249); font-family: Geneva, Arial, Helvetica, sans-serif; color: rgb(0, 0, 0); "/>山东大卫国际建筑设计有限公司<br style="background-color: rgb(249, 249, 249); font-family: Geneva, Arial, Helvetica, sans-serif; color: rgb(0, 0, 0); "/>浙江绿城东方建筑设计有限公司<br style="background-color: rgb(249, 249, 249); font-family: Geneva, Arial, Helvetica, sans-serif; color: rgb(0, 0, 0); "/>杭州中联筑境建筑设计有限公司<br style="background-color: rgb(249, 249, 249); font-family: Geneva, Arial, Helvetica, sans-serif; color: rgb(0, 0, 0); "/>香港华艺设计顾问（深圳）有限公司<br style="background-color: rgb(249, 249, 249); font-family: Geneva, Arial, Helvetica, sans-serif; color: rgb(0, 0, 0); "/>雅克设计有限公司<br style="background-color: rgb(249, 249, 249); font-family: Geneva, Arial, Helvetica, sans-serif; color: rgb(0, 0, 0); "/>北京东方华太建筑设计工程有限责任公司<br style="background-color: rgb(249, 249, 249); font-family: Geneva, Arial, Helvetica, sans-serif; color: rgb(0, 0, 0); "/>深圳汤桦建筑设计事务所有限公司<br style="background-color: rgb(249, 249, 249); font-family: Geneva, Arial, Helvetica, sans-serif; color: rgb(0, 0, 0); "/>广州莫伯治建筑事务所<br style="background-color: rgb(249, 249, 249); font-family: Geneva, Arial, Helvetica, sans-serif; color: rgb(0, 0, 0); "/>北京中元工程设计顾问有限公司<br style="background-color: rgb(249, 249, 249); font-family: Geneva, Arial, Helvetica, sans-serif; color: rgb(0, 0, 0); "/>北京墨臣建筑设计有限公司<br style="background-color: rgb(249, 249, 249); font-family: Geneva, Arial, Helvetica, sans-serif; color: rgb(0, 0, 0); "/>非常工作室&nbsp;<br style="background-color: rgb(249, 249, 249); font-family: Geneva, Arial, Helvetica, sans-serif; color: rgb(0, 0, 0); "/>基准方中建筑设计事务所</span></p><p><br/></p>', '', 0);
INSERT INTO `gxr_document_article` (`id`, `parse`, `content`, `template`, `bookmark`) VALUES
(38, 0, '<p><span style="font-family: 微软雅黑,Microsoft YaHei;">让建筑垃圾、工业垃圾、尾矿变废为宝;让未来的建筑不再产生建筑垃圾;让未来的建筑工人做更体面的工作;让建筑成本降低50%，让世界上更多的人住得起房子。</span></p><p><br/><img alt="\\" src="http://t6.icx.so/UploadFiles/2015-03/2/20153270873007238.jpg" style="border: 0px; width: 500px; height: 343px; vertical-align: top; "/></p><p><span style="font-family: 微软雅黑,Microsoft YaHei;">全球首批3D打印建筑亮相上海图一</span></p><p><span style="font-family: 微软雅黑,Microsoft YaHei;">&nbsp;</span></p><p><span style="font-family: 微软雅黑,Microsoft YaHei;">一部高6.6米、宽10米、长150米的打印机，一种特殊的“油墨”，一台电脑，一个按键，便可以轻轻松松“打印”出一栋真实的、可以居住的房子。</span></p><p><span style="font-family: 微软雅黑,Microsoft YaHei;">&nbsp;</span></p><p><span style="font-family: 微软雅黑,Microsoft YaHei;">3D打印建筑不再是“海市蜃楼”</span></p><p><span style="font-family: 微软雅黑,Microsoft YaHei;">12\r\n年前，建筑3D打印技术的发明人马义和(上海盈创装饰设计工程有限公司董事长)开始研究用3D技术“打印”建筑装饰材料。从GRG(玻璃纤维增强石膏)到\r\nSRC(特种玻璃纤维增强复合水泥)，从FRP(纤维增强复合塑料)再到盈恒石。12年间，盈创公司自主研发了3D打印设备、打印“油墨”和连续打印技\r\n术，拥有77项国家专利，400多个成功案例，不仅解决了大型建筑(尤其是剧院和体育场馆)工程中的异形装饰装修问题，还为业主节约了不少成本。</span></p><p><span style="font-family: 微软雅黑,Microsoft YaHei;">&nbsp;</span></p><p><span style="font-family: 微软雅黑,Microsoft YaHei;">在\r\n“打印”过程中，操作人员可以预留门窗等部件的位置，并且根据需要安装预埋件，让随后的门窗安装更加便捷，水电等管线可以在空心墙体中自由布置。现在的\r\n3D打印技术已经可以在24小时内“打印”出10栋200平方米的建筑，大大提高了施工效率，节约了建筑材料，降低了建造成本。</span></p><p><span style="font-family: 微软雅黑,Microsoft YaHei;">&nbsp;</span></p><p><span style="font-family: 微软雅黑,Microsoft YaHei;">2008年，盈创公司用3D打印技术“打印”出了第一块建筑墙体材料，3D打印建筑从此不再只是概念。</span></p><p><span style="font-family: 微软雅黑,Microsoft YaHei;">&nbsp;</span></p><p><span style="font-family: 微软雅黑,Microsoft YaHei;">3D打印建筑的核心——“油墨”</span></p><p><span style="font-family: 微软雅黑,Microsoft YaHei;">俄\r\n罗斯之前曾发布3D打印建筑，但其原理是分别“打印”乐高积木那样的配件，然后通过组装做成建筑墙体，并没有“打印”完整的建筑；荷兰“打印”了一座景观\r\n建筑“莫比乌斯环”，将沙子和黏合剂“打印”成若干个模块，并对其进行组装，预计耗时18个月。目前所有的3D打印建筑或建筑模型，都是利用沙子和黏合剂\r\n来“打印”的，也没有“打印”出完整的建筑，且建筑的强度和耐久性等还是一个未知数。</span></p><p><span style="font-family: 微软雅黑,Microsoft YaHei;">&nbsp;</span></p><p><span style="font-family: 微软雅黑,Microsoft YaHei;">而\r\n盈创公司的3D打印建筑，其“油墨”以高标号水泥和玻璃纤维为主，依靠自主研发的打印机设备，以连续线性挤出方式“打印”而成，与传统建筑无异，甚至比传\r\n统钢混建筑强度更高。空心墙体不但大大减轻了建筑本身的重量，更便于建筑商在其空空的“腹中”填充保温材料，让墙体成为整体性自保温墙体。业主可任意设计\r\n墙体结构，预留“梁”和“柱”浇筑的空间，一次性解决墙体的承重结构问题，从而使之在高层建筑中大显身手。</span></p><p><span style="font-family: 微软雅黑,Microsoft YaHei;">&nbsp;</span></p><p><span style="font-family: 微软雅黑,Microsoft YaHei;">盈创公司3D打印技术不但能“打印”简单的标准建筑和各种房型，还能“打印”波浪形平滑表面等各种造型的房屋外立面，让建筑的艺术性通过3D打印技术一次性实现。</span></p><p><br/><img alt="\\" src="http://t6.icx.so/UploadFiles/2015-03/2/20153278281659429.jpg" style="border: 0px; width: 500px; height: 245px; vertical-align: top; "/></p><p><span style="font-family: 微软雅黑,Microsoft YaHei;">全球首批3D打印建筑亮相上海图二</span></p><p><span style="font-family: 微软雅黑,Microsoft YaHei;">&nbsp;</span></p><p><span style="font-family: 微软雅黑,Microsoft YaHei;">3D打印建筑的宗旨——保护环境</span></p><p><span style="font-family: 微软雅黑,Microsoft YaHei;">据\r\n权威部门透露，截至2011年底，中国城市固体生活垃圾存量已达70亿吨，可推算建筑垃圾总量为21亿—28亿吨，每年新增建筑垃圾超过3亿吨。如采取简\r\n单的堆放方式处理，以1万平方米500—600吨建筑垃圾的标准推算，到2020年，我国还将新增建筑面积约300亿平方米，这也说明我国每年新增的建筑\r\n垃圾将占1.5亿—2亿平方米用地，这是一个令人震惊的数字。</span></p><p><span style="font-family: 微软雅黑,Microsoft YaHei;">&nbsp;</span></p><p><span style="font-family: 微软雅黑,Microsoft YaHei;">随着工业化、城市化进程的加速，中国建筑垃圾数量已占城市垃圾总量的1/3以上，并以每年数亿吨的速度增加，如果不及时处理和利用，必将给社会带来不利影响。</span></p><p><span style="font-family: 微软雅黑,Microsoft YaHei;">&nbsp;</span></p><p><span style="font-family: 微软雅黑,Microsoft YaHei;">盈\r\n创公司3D打印建筑“油墨”的另一个核心就是建筑垃圾再利用，包括工业垃圾、尾矿等。盈创公司有一项计划，就是在全国范围内建立梦工厂——就地取材，回收\r\n建筑垃圾、工业垃圾和尾矿，通过技术处理、加工、分离，使之成为3D打印建筑“油墨”的原材料。让建筑垃圾回到建筑中，让新建建筑不再产生建筑垃圾。</span></p><p><span style="font-family: 微软雅黑,Microsoft YaHei;">&nbsp;</span></p><p><span style="font-family: 微软雅黑,Microsoft YaHei;">3D打印建筑的发展趋势——技术合作</span></p><p><span style="font-family: 微软雅黑,Microsoft YaHei;">技\r\n术创新是战略核心，合作创新是必由之路。习近平总书记曾强调：“实施创新驱动发展战略决定着中华民族前途命运。全党全社会都要充分认识科技创新的巨大作\r\n用，敏锐把握世界科技创新发展趋势，紧紧抓住和用好新一轮科技革命和产业变革的机遇，把创新驱动发展作为面向未来的一项重大战略实施好。”</span></p><p><span style="font-family: 微软雅黑,Microsoft YaHei;">&nbsp;</span></p><p><span style="font-family: 微软雅黑,Microsoft YaHei;">马\r\n义和表示，盈创公司不是一家闭门造车的公司，而是一家将先进科技广泛应用于房地产建筑装饰产业，有着强烈社会责任感和使命感的企业。今后，盈创公司将不断\r\n与建筑师、设计院、开发商、建筑商建立紧密合作关系，将3D打印技术运用到城市建设的各个领域，使建筑能耗从70%降低到30%以下。让建筑垃圾、工业垃\r\n圾、尾矿变废为宝；让未来的建筑不再产生建筑垃圾；让未来的建筑工人做更体面的工作;让建筑成本降低50%，让世界上更多的人住得起房子。</span></p><p><br/></p>', '', 0),
(39, 0, '<p>摘要：国际风景园林师联合会（IFLA）学生设计竞赛于今日发布公告，竞赛的中心思想是“思考并行动——地球、家园、景观”，竞赛的主题是URBAN LANDSCAPES IN EMERGENCY - Creating a landscape of places。</p><p><br/></p><p><img alt="北京林业大学 景观快题 华元手绘" src="http://t6.icx.so/UploadFiles/2015-03/2/20153279992922296.jpg" style="width: 545px; height: 175px; " border="0" height="264" width="770"/><br style="padding: 0px; margin: 0px; "/>&nbsp;&nbsp;&nbsp;\r\n \r\n国际风景园林师联合会（IFLA）和阿根廷风景园林师中心(CAAP)诚邀风景园林相关专业的学生参加此次竞赛，竞赛的中心思想是“思考并行动——地球、\r\n家园、景观”，竞赛的主题是URBAN LANDSCAPES IN EMERGENCY - Creating a landscape of \r\nplaces。<br style="padding: 0px; margin: 0px; "/>&nbsp;&nbsp;&nbsp; 此次竞赛的目的是为了将“思考并行动”这一理念融入景观设计中，并深度发掘设计场地与地理地貌、社会文化环境之间的关系和价值。参赛作品要有创新意识及可持续性。</p><p>&nbsp;</p><p>&nbsp;&nbsp;&nbsp; 场地规模<br style="padding: 0px; margin: 0px; "/>&nbsp;&nbsp;&nbsp; 参赛者需要选择的场地面积在20,000㎡至100,000㎡。</p><p>&nbsp;</p><p>&nbsp;&nbsp;&nbsp;&nbsp;参赛者要求<br style="padding: 0px; margin: 0px; "/>&nbsp;&nbsp;&nbsp; 竞赛向所有风景园林相关专业的学生开放，可以以小组或个人身份参加，其中小组成员中至少有一名是风景园林专业的，参赛人数不得超过4人，与评审人员有任何关系的人不可参赛。</p><p><br/></p>', '', 0),
(40, 0, '<p>题旨</p><p>未\r\n来的建筑师们，当你们毕业的时候，开始你们的建筑实践生涯，你们所面临的大多数任务可能已经不再是宏大规模的设计与建造，这些工作已经在过去的十几二十年\r\n里被你们上一两代的建筑师们在无比的匆忙中透支掉了。在高速度的设计与建设中，难以置信的巨大数量的房屋遍地开花，城市面貌被迅速改写，旧城被拆改，新城\r\n不断涌现。在物质表面变化的同时，一个城市的精神层面在同步发生裂变。这些瞬间出现的、新的城市空间与结构形态，在潜移默化地、深刻地影响着每一个城市人\r\n的生活，包括他们的交往方式，他们的社会关系。这些在短视主义与急功近利驱动下所造就的城市，将是你们不得不去面对，去发现，去改造，去再创造的新的战\r\n场，需要你们运用智慧与策略去寻找变革的可能。</p><p>本\r\n次竞赛需要设计者去认真地观察你的学校所在的或者你成长于此的城市，一个你最熟悉的城市片段里普普通通的人们的生活。请设计者设想如何为这些普通人去创造\r\n一个能够积极影响他们生活的场所，一个100平方米的公益性空间，并且反映它的建造方式与材料。我们把它暂且叫作“社区微中心”。设计者有完全的自由，选\r\n择把它建造在什么地方，以什么样的形态与方式，提供什么样的功能或者功能组合。请设计者提供这个100平方米“社区微中心”单元和这些单元如何构成一个城\r\n市网络体系的设计构想，在这些后泡沫时代的城市里，去修补速生城市的问题，弥补城市缺失的功能，帮助重新构建一种人与人之间健康的社会关系。</p><p>&nbsp;<wbr/><wbr/></p><p>评审委员会主任：</p><p>王建国&nbsp;<wbr/><wbr/>&nbsp;<wbr/><wbr/>&nbsp;东南大学建筑学院院长、教授&nbsp;<wbr/><wbr/>全国高等学校建筑学学科专业指导委员会主任</p><p>评&nbsp;<wbr/><wbr/>&nbsp;审&nbsp;<wbr/><wbr/>&nbsp;委&nbsp;<wbr/><wbr/>&nbsp;员：</p><p>孙一民&nbsp;<wbr/><wbr/>&nbsp;<wbr/><wbr/>&nbsp;华南理工大学建筑学院常务副院长、教授全国高等学校建筑学学科专业指导委员会副主任</p><p>李少云&nbsp;<wbr/><wbr/>&nbsp;<wbr/><wbr/>&nbsp;广州市天作建筑规划设计有限公司设计总监</p><p>李兴钢&nbsp;<wbr/><wbr/>&nbsp;<wbr/><wbr/>&nbsp;中国建筑设计研究院（集团）副总建筑师、李兴钢建筑工作室主持建筑师</p><p>李&nbsp;<wbr/><wbr/>&nbsp;虎&nbsp;<wbr/><wbr/>&nbsp;<wbr/><wbr/>&nbsp;OPEN建筑事务所创始合伙人、哥伦比亚大学北京建筑中心（Studio-X Beijing）主任</p><p>张&nbsp;<wbr/><wbr/>&nbsp;雷&nbsp;<wbr/><wbr/>&nbsp;<wbr/><wbr/>&nbsp;南京大学建筑与城市规划学院教授、张雷联合建筑事务所总建筑师</p><p>黄居正&nbsp;<wbr/><wbr/>&nbsp;《建筑师》杂志主编</p><p>&nbsp;</p><p><img alt="华元建筑学院" src="http://t6.icx.so/UploadFiles/2015-03/2/20153272700853663.jpg" style="width: 625px; height: 125px; " border="0" height="250" width="394"/></p><p>&nbsp;<wbr/><wbr/></p><p>提交图面：总平面、平面、剖面、立面，透视图，反映建造意图的墙身剖面和构造节点，表达空间特征的不小于1:20比例的模型照片，和必要的分析图以及200字以内的设计概念说明。</p><p>用&nbsp;<wbr/><wbr/>&nbsp;<wbr/><wbr/>&nbsp;<wbr/><wbr/>&nbsp;纸：以上各图及设计说明均须安排在2张A1尺寸大小（600x840mm），竖构图的图纸之内，不裱图板，图面表现方法不限。</p><p>提出方法：在图纸背面必须写上所有参赛者的姓名、年龄、联系电话、E-mail邮箱，以及所在学校的详细地址、年级。如有指导教师，请写上教师姓名、联系电话。</p><p>提交地址：北京海淀区三里河路9号 住房和城乡建设部北配楼北楼</p><p>中国建筑工业出版社508室《建筑师》杂志社，邮编 100037</p><p>截止日期：2014年9月15日（以当日邮戳为准）。如本人送达，则在当日中午12点以前。</p><p>&nbsp;<wbr/><wbr/></p><p>参赛资格：在读的国内（包括港、澳、台）外大学本科、硕士或博士生。</p><p>评&nbsp;<wbr/><wbr/>&nbsp;<wbr/><wbr/>&nbsp;<wbr/><wbr/>&nbsp;审： 2014年10月于华南理工大学建筑学院举行。</p><p>颁&nbsp;<wbr/><wbr/>&nbsp;<wbr/><wbr/>&nbsp;<wbr/><wbr/>&nbsp;奖： 2014年11月于广州举行，获奖者往返旅费及住宿费由主办方负责（如为多人合作完成的，主办方仅提供一位代表费用）。</p><p>发&nbsp;<wbr/><wbr/>&nbsp;<wbr/><wbr/>&nbsp;<wbr/><wbr/>&nbsp;表：评审结果和获奖作品将刊登于2015年出版的《建筑师》杂志上。</p><p>其&nbsp;<wbr/><wbr/>&nbsp;<wbr/><wbr/>&nbsp;<wbr/><wbr/>&nbsp;他：</p><p>1.&nbsp;<wbr/><wbr/>&nbsp;<wbr/><wbr/>&nbsp;<wbr/><wbr/>&nbsp;本次竞赛不收取参赛者报名费等任何费用。</p><p>2.&nbsp;<wbr/><wbr/>&nbsp;<wbr/><wbr/>&nbsp;<wbr/><wbr/>&nbsp;本次大奖赛的参赛者必须为在校的大学本科生、硕士或博士生，如发现不符者，将取消其参赛资格。</p><p>3.&nbsp;<wbr/><wbr/>&nbsp;<wbr/><wbr/>&nbsp;<wbr/><wbr/>&nbsp;参赛作品不得一稿两投。</p><p>4.&nbsp;<wbr/><wbr/>&nbsp;<wbr/><wbr/>&nbsp;<wbr/><wbr/>&nbsp;参赛作品的著作权归作者本人，但参赛作品的出版权归主办方所有。</p><p>5.&nbsp;<wbr/><wbr/>&nbsp;<wbr/><wbr/>&nbsp;<wbr/><wbr/>&nbsp;参赛作品不得侵害他人的著作权，不得使用复制、拷贝自其他杂志、书籍、网络的图片内容，如有发现，一律取消参赛资格。</p><p>6.&nbsp;<wbr/><wbr/>&nbsp;<wbr/><wbr/>&nbsp;<wbr/><wbr/>&nbsp;提交的参赛图纸归主办方所有</p><p><br/></p>', '', 0),
(41, 0, '<p><span style="font-family: 微软雅黑,Microsoft YaHei;">大学校园是莘莘学子海纳知识、培养品格、挥洒智慧的心灵家园，是青春时光的记忆宝藏。大学是一个小社会，却映衬着大时代。每一个建筑系学生都会有一个梦想——用自己的双手设计和建造美好未来。<br style="color: rgb(51, 51, 51); font-family: &#39;Segoe UI&#39;, Helvetica, Arial, Verdana, &#39;Hiragino Sans GB&#39;, &#39;Microsoft YaHei&#39;; font-size: 12px; line-height: 18px; text-align: justify; white-space: normal; background-color: rgb(255, 255, 255); padding: 0px; margin: 0px auto; "/><br style="color: rgb(51, 51, 51); font-family: &#39;Segoe UI&#39;, Helvetica, Arial, Verdana, &#39;Hiragino Sans GB&#39;, &#39;Microsoft YaHei&#39;; font-size: 12px; line-height: 18px; text-align: justify; white-space: normal; background-color: rgb(255, 255, 255); padding: 0px; margin: 0px auto; "/>建筑系馆是建筑学子最熟悉了解的场所，是建筑之路启蒙的地方，在这个精英汇聚的地方，蕴含了广大学子对建筑知识的渴望。相信每个建筑学子心中都有一个心仪的建筑系馆，梦想中的建筑系馆。它或许是对本土历史与文化的解读，或许是对科技进步的期望，甚至是对未来世界的憧憬。<br style="color: rgb(51, 51, 51); font-family: &#39;Segoe UI&#39;, Helvetica, Arial, Verdana, &#39;Hiragino Sans GB&#39;, &#39;Microsoft YaHei&#39;; font-size: 12px; line-height: 18px; text-align: justify; white-space: normal; background-color: rgb(255, 255, 255); padding: 0px; margin: 0px auto; "/><br style="color: rgb(51, 51, 51); font-family: &#39;Segoe UI&#39;, Helvetica, Arial, Verdana, &#39;Hiragino Sans GB&#39;, &#39;Microsoft YaHei&#39;; font-size: 12px; line-height: 18px; text-align: justify; white-space: normal; background-color: rgb(255, 255, 255); padding: 0px; margin: 0px auto; "/>“与\r\n其临渊羡鱼不如退而结网”，本竞赛鼓旨在鼓励参赛者进行概念和技术创新，在关注文化传承的同时，对未来建筑教育积极思考，以超前的设计理念，新颖的空间形\r\n态，以及先进的科学技术，与设计方案相融合，从使用者和设计者的双重角度出发，设计属于自己的创作空间，呈现出一幅梦想的设计蓝图。</span></p><p><br/></p>', '', 0),
(42, 0, '<h1><span style="font-family: 微软雅黑,Microsoft YaHei;">建筑设计美国实习生</span></h1><h3><span style="font-family: 微软雅黑,Microsoft YaHei;">美国MCM国际设计公司</span></h3><p><br/></p><ul class="company_info list-paddingleft-2" style="list-style-type: none;"><li><p><span style="font-family: 微软雅黑,Microsoft YaHei;">公司性质：外商独资</span></p></li><li><p><span style="font-family: 微软雅黑,Microsoft YaHei;">公司规模：1 - 49人</span></p></li><li><p><span style="font-family: 微软雅黑,Microsoft YaHei;">工作地点：北京-朝阳区</span></p></li><li><p><span style="font-family: 微软雅黑,Microsoft YaHei;">工作性质：实习</span></p></li><li><p><span style="font-family: 微软雅黑,Microsoft YaHei;">学历要求：硕士及以上</span></p></li><li><p><span style="font-family: 微软雅黑,Microsoft YaHei;">工作经验：应届毕业生</span></p></li><li><p><span style="font-family: 微软雅黑,Microsoft YaHei;">专业要求：不限</span></p></li><li><p><span style="font-family: 微软雅黑,Microsoft YaHei;">外语要求：英语熟练</span></p></li><li><p><span style="font-family: 微软雅黑,Microsoft YaHei;">工资待遇：面议</span></p></li><li><p><span style="font-family: 微软雅黑,Microsoft YaHei;">职称要求：不限</span></p></li><li><p><span style="font-family: 微软雅黑,Microsoft YaHei;">招聘人数：3人</span></p></li><li><p><span style="font-family: 微软雅黑,Microsoft YaHei;">招聘日期：2014-12-17 ～ 2015-12-29</span></p></li><p><span style="font-family: 微软雅黑,Microsoft YaHei;">公司招聘2014年毕业应届毕业硕士研究生，经北京办公室面试合格后需先在北京办公室实习2个月了解公司项目情况，经北京办公室实习考核通过后，可到美国洛杉矶总部实习6个月。</span></p><p><br style="padding: 0px; margin: 0px; "/><span style="font-family: 微软雅黑,Microsoft YaHei;">岗位职责：<br style="padding: 0px; margin: 0px; "/>1、参与建筑设计项目的前期分析；</span></p><p><span style="font-family: 微软雅黑,Microsoft YaHei;">2、配合完成建筑平面、立面、剖面图绘制与渲染；</span></p><p><span style="font-family: 微软雅黑,Microsoft YaHei;">3、配合建筑设计总监完成建模；</span></p><p><span style="font-family: 微软雅黑,Microsoft YaHei;">4、协助相关文本制作。</span></p><p><span style="font-family: 微软雅黑,Microsoft YaHei;">任职资格：</span></p><p><span style="font-family: 微软雅黑,Microsoft YaHei;">1、重点大学建筑学专业毕业，大学本科及以上学历应届毕业生；</span></p><p><span style="font-family: 微软雅黑,Microsoft YaHei;">2、较强的问题解决能力和团队协作意识；</span></p><p><span style="font-family: 微软雅黑,Microsoft YaHei;">3、熟练掌握天正, photoshop, sketchup 等绘图软件；</span></p><p><span style="font-family: 微软雅黑,Microsoft YaHei;">4、英语熟练者，优先考虑。</span></p></ul><p><br/></p>', '', 0),
(43, 0, '<h3><span style="font-family: 微软雅黑,Microsoft YaHei;">上海中建建筑设计院有限公司上海总部</span></h3><p><span style="font-family: 微软雅黑,Microsoft YaHei;">公司规模：100 - 499人</span></p><p><span style="font-family: 微软雅黑,Microsoft YaHei;">公司性质：其他</span></p><p><br/></p><table cellpadding="0" cellspacing="0" width="100%"><tbody><tr class="firstRow"><th style="padding: 0px 8px; margin: 0px; width: 60px; white-space: nowrap; color: rgb(102, 102, 102); vertical-align: top; font-weight: normal; "><span style="font-family: 微软雅黑,Microsoft YaHei;">职位性质：</span></th><td style="padding: 0px; margin: 0px; vertical-align: top; " width="140"><span style="font-family: 微软雅黑,Microsoft YaHei;">全职</span></td><th style="padding: 0px 8px; margin: 0px; width: 60px; white-space: nowrap; color: rgb(102, 102, 102); vertical-align: top; font-weight: normal; "><span style="font-family: 微软雅黑,Microsoft YaHei;">专业要求：</span></th><td title="建筑学专业" style="padding: 0px; margin: 0px; vertical-align: top; " width="140"><span style="font-family: 微软雅黑,Microsoft YaHei;">建筑学专业</span></td><th style="padding: 0px 8px; margin: 0px; width: 60px; white-space: nowrap; color: rgb(102, 102, 102); vertical-align: top; font-weight: normal; "><span style="font-family: 微软雅黑,Microsoft YaHei;">招聘日期：</span></th><td style="padding: 0px; margin: 0px; vertical-align: top; " width="140"><span style="font-family: 微软雅黑,Microsoft YaHei;">2013.4.1 ～ 2014.5.26</span></td></tr><tr><th style="padding: 0px 8px; margin: 0px; width: 60px; white-space: nowrap; color: rgb(102, 102, 102); vertical-align: top; font-weight: normal; "><span style="font-family: 微软雅黑,Microsoft YaHei;">工作地点：</span></th><td style="padding: 0px; margin: 0px; vertical-align: top; " width="140"><span style="font-family: 微软雅黑,Microsoft YaHei;">上海-浦东新区</span></td><th style="padding: 0px 8px; margin: 0px; width: 60px; white-space: nowrap; color: rgb(102, 102, 102); vertical-align: top; font-weight: normal; "><span style="font-family: 微软雅黑,Microsoft YaHei;">外语要求：</span></th><td style="padding: 0px; margin: 0px; vertical-align: top; " width="140"><span style="font-family: 微软雅黑,Microsoft YaHei;">无</span></td><th style="padding: 0px 8px; margin: 0px; width: 60px; white-space: nowrap; color: rgb(102, 102, 102); vertical-align: top; font-weight: normal; "><span style="font-family: 微软雅黑,Microsoft YaHei;">更新日期：</span></th><td style="padding: 0px; margin: 0px; vertical-align: top; " width="140"><span style="font-family: 微软雅黑,Microsoft YaHei;">2014.3.4</span></td></tr><tr><th style="padding: 0px 8px; margin: 0px; width: 60px; white-space: nowrap; color: rgb(102, 102, 102); vertical-align: top; font-weight: normal; "><span style="font-family: 微软雅黑,Microsoft YaHei;">工作经验：</span></th><td style="padding: 0px; margin: 0px; vertical-align: top; " width="140"><span style="font-family: 微软雅黑,Microsoft YaHei;">五年以上</span></td><th style="padding: 0px 8px; margin: 0px; width: 60px; white-space: nowrap; color: rgb(102, 102, 102); vertical-align: top; font-weight: normal; "><span style="font-family: 微软雅黑,Microsoft YaHei;">职称要求：</span></th><td style="padding: 0px; margin: 0px; vertical-align: top; " width="140"><span style="font-family: 微软雅黑,Microsoft YaHei;">无</span></td><th style="padding: 0px 8px; margin: 0px; width: 60px; white-space: nowrap; color: rgb(102, 102, 102); vertical-align: top; font-weight: normal; "><span style="font-family: 微软雅黑,Microsoft YaHei;">&nbsp;</span></th><td style="padding: 0px; margin: 0px; vertical-align: top; " width="140"><br/></td></tr><tr><th style="padding: 0px 8px; margin: 0px; width: 60px; white-space: nowrap; color: rgb(102, 102, 102); vertical-align: top; font-weight: normal; "><span style="font-family: 微软雅黑,Microsoft YaHei;">学历要求：</span></th><td style="padding: 0px; margin: 0px; vertical-align: top; " width="140"><span style="font-family: 微软雅黑,Microsoft YaHei;">本科及以上</span></td><th style="padding: 0px 8px; margin: 0px; width: 60px; white-space: nowrap; color: rgb(102, 102, 102); vertical-align: top; font-weight: normal; "><span style="font-family: 微软雅黑,Microsoft YaHei;">工资待遇：</span></th><td style="padding: 0px; margin: 0px; vertical-align: top; " width="140"><span style="font-family: 微软雅黑,Microsoft YaHei;">面议</span></td><th style="padding: 0px 8px; margin: 0px; width: 60px; white-space: nowrap; color: rgb(102, 102, 102); vertical-align: top; font-weight: normal; "><span style="font-family: 微软雅黑,Microsoft YaHei;">&nbsp;</span></th><td style="padding: 0px; margin: 0px; vertical-align: top; " width="140"><br/></td></tr><tr><th style="padding: 0px 8px; margin: 0px; width: 60px; white-space: nowrap; color: rgb(102, 102, 102); vertical-align: top; font-weight: normal; "><span style="font-family: 微软雅黑,Microsoft YaHei;">招聘人数：</span></th><td style="padding: 0px; margin: 0px; vertical-align: top; " width="140"><span style="font-family: 微软雅黑,Microsoft YaHei;">4人</span></td><th style="padding: 0px 8px; margin: 0px; width: 60px; white-space: nowrap; color: rgb(102, 102, 102); vertical-align: top; font-weight: normal; "><span style="font-family: 微软雅黑,Microsoft YaHei;">招聘部门：</span></th><td colspan="3" style="padding: 0px; margin: 0px; vertical-align: top; " width="140"><span style="font-family: 微软雅黑,Microsoft YaHei;">上海中建建筑设计院有限公司上海总部</span></td></tr></tbody></table><p><span style="font-family: 微软雅黑,Microsoft YaHei;">&nbsp;</span></p><p><span style="font-family: 微软雅黑,Microsoft YaHei;">&nbsp;</span></p><p><span style="font-family: 微软雅黑,Microsoft YaHei;">职位描述</span></p><p><span style="font-family: 微软雅黑,Microsoft YaHei;">任职资格：</span></p><h3><a style="font-family: 微软雅黑,Microsoft YaHei; text-decoration: underline;" href="http://www.buildhr.com/company/QCAP2/" target="_blank"><span style="font-family: 微软雅黑,Microsoft YaHei;">上海中建建筑设计院有限公司</span></a><span style="font-family: 微软雅黑,Microsoft YaHei;">&nbsp;- 上海中建建筑设计院有限公司上海总部</span></h3><p><span style="font-family: 微软雅黑,Microsoft YaHei;">公司规模：1000 - 1600人</span></p><p><span style="font-family: 微软雅黑,Microsoft YaHei;">公司性质：其他</span></p><p><br/><span style="font-family: 微软雅黑,Microsoft YaHei;">&nbsp;</span></p><p><span style="font-family: 微软雅黑,Microsoft YaHei;">&nbsp;</span></p><p><span style="font-family: 微软雅黑,Microsoft YaHei;">1、建筑学专业毕业，五年（含）以上建筑设计工作经历；<br/>2、熟悉掌握项目运作流程；<br/>3、有大中型住宅小区或商业地产类项目施工图设计经历；<br/>4、有良好的表达、沟通、协调能力；<br/>5、熟悉相关的建筑规范；<br/>6、熟练使用各种建筑设计软件；<br/>7、吃苦耐劳，敬业踏实，有良好的职业素质及团队精神</span></p><p><br/></p>', '', 0),
(44, 0, '<p style="margin: 3px 0px;"><span style="color: rgb(34, 34, 34); font-family: 宋体; font-size: 17px;">中国美术学院教授、博导</span></p><p style="margin: 3px 0px;"><span style="color: rgb(34, 34, 34); font-family: 宋体; font-size: 17px;">中国美术学院设计艺术学院副院长</span></p><p style="margin: 3px 0px;"><span style="color: rgb(34, 34, 34); font-family: 宋体; font-size: 17px;">中国美术学院现代设计研究所所长</span></p><p style="margin: 3px 0px;"><span style="color: rgb(34, 34, 34); font-family: 宋体; font-size: 17px;">现代手绘研究中心总顾问</span></p><p><br/></p>', '', 0),
(45, 0, '<p style="margin: 3px 0px;"><span style="color: rgb(34, 34, 34); font-family: 宋体; font-size: 20px;">现代手绘研究中心</span><span style="font-family: 宋体; font-size: 19px;">首席导师</span></p><p style="margin: 3px 0px;"><span style="font-family: 宋体; font-size: 19px;">中国美术学院风景建筑设计研究院方式设计机构副理事长</span></p><p style="line-height: 32px;"><span style="font-family: 宋体; font-size: 19px;">杭州</span><span style="font-size: 19px;">HOD</span><span style="font-family: 宋体; font-size: 19px;">酒吧、现场酒吧总设计师兼老板</span></p><p style="line-height: 32px;"><span style="font-family: 宋体; font-size: 19px;">国家高级室内建筑师</span></p><p style="line-height: 32px;"><span style="font-family: 宋体; font-size: 19px;">浙江省建筑装饰协会会员</span>&nbsp;<span style="font-family: 宋体; font-size: 19px;"></span></p><p><br/></p>', '', 0),
(46, 0, '<p>中国美术学院副教授</p><p>现代手绘研究中心主任</p><p><br/></p>', '', 0),
(47, 0, '<p style="margin: 3px 0px;"><span style="font-family: 宋体; font-size: 19px;"><span style="font-family: 宋体; font-size: 19px;"><span style="font-family: 宋体; font-size: 19px;">注册高级室内建筑师</span></span></span></p><p style="margin: 3px 0px;"><span style="font-family: 宋体; font-size: 19px;">园林工程师</span></p><p style="margin: 3px 0px;"><span style="color: rgb(34, 34, 34); font-family: 宋体; font-size: 20px;">现代手绘研究中心</span><span style="font-family: 宋体; font-size: 19px;">副主任</span></p><p style="margin: 3px 0px;"><span style="font-family: 宋体; font-size: 19px;">中国美术学院风景建筑设计研究院现代设计研究所副所长兼景观设计总监</span></p><p style="margin: 3px 0px;"><span style="font-family: 宋体; font-size: 19px;"><span style="font-family: 宋体; font-size: 19px;">杭州五域文化创意有限公司执行董事</span></span></p><p><br/></p>', '', 0),
(48, 0, '<p><span style="font-family: 微软雅黑,Microsoft YaHei;">毕业于中国美术学院</span></p><p><span style="font-family: 微软雅黑,Microsoft YaHei;">注册高级室内建筑师</span></p><p><span style="font-family: 微软雅黑,Microsoft YaHei;">园林工程师</span></p><p><span style="font-family: 微软雅黑,Microsoft YaHei;">现代手绘研究中心副主任</span></p><p><span style="font-family: 微软雅黑,Microsoft YaHei;">杭州五域文化创意合伙人</span></p><p><br/></p>', '', 0),
(49, 0, '<p><span style="font-family: 微软雅黑,Microsoft YaHei;">2007年毕业于中国美术学院</span></p><p><span style="font-family: 微软雅黑,Microsoft YaHei;"> 杭州现代手绘研究中心主教</span></p><p><span style="font-family: 微软雅黑,Microsoft YaHei;"> 原中国美术学院风景建筑设计研究院主任室内设计师</span></p><p><span style="font-family: 微软雅黑,Microsoft YaHei;">现为杭州瑜作环境艺术设计有限公司 总经理</span></p><p><br/></p>', '', 0),
(50, 0, '<p><span style="font-family: 微软雅黑,Microsoft YaHei;">2006年毕业于云南艺术学院<br/> 杭州现代手绘研究中心室内主教<br/> 中国美术学院风景建筑设计研究院&nbsp;&nbsp; 室内主创设计师</span></p><p><br/></p>', '', 0),
(51, 0, '<p><span style="font-family: 微软雅黑,Microsoft YaHei;">现代手绘研究中心主教</span></p><p><span style="font-family: 微软雅黑,Microsoft YaHei;">杭州下沙教学点负责人</span></p><p><br/></p>', '', 0),
(52, 0, '<p><span style="font-family: 微软雅黑,Microsoft YaHei;">杭州现代手绘研究中心景观主教</span></p><p><span style="font-family: 微软雅黑,Microsoft YaHei;">中国美术学院风景建筑设计研究院景观主任设计师</span></p><p><br/></p>', '', 0),
(53, 0, '<p><span style="font-family: 微软雅黑,Microsoft YaHei;">毕业于武汉科技大学<br/> 现代手绘研究中心室内主教<br/> 现任职于国美方式设计机构室内设计师<br/> 湖北皆景建筑设计咨询有限公司 设计总监</span></p><p><br/></p>', '', 0),
(54, 0, '<p>浙江城建园林设计院<br/></p>', '', 0),
(55, 0, '<pre id="line1"><span style="font-family: 微软雅黑,Microsoft YaHei;">中国美术学院风景建筑设计研究院官网<br/></span></pre><p><br/></p>', '', 0),
(56, 0, '<p>联纵国际</p>', '', 0),
(57, 0, '<pre id="line1">浙江大学建筑设计研究院有限公司</pre><p><br/></p>', '', 0),
(58, 0, '<pre id="line1">浙江工业大学工程设计集团有限公司</pre><p><br/></p>', '', 0),
(59, 0, '<pre id="line1">浙江工业大学工程设计集团有限公司</pre><p><br/></p>', '', 0),
(60, 0, '<pre id="line1">浙江省现代建筑设计研究院有限公司</pre><p><br/></p>', '', 0),
(61, 0, '<p>浙江新中环建筑设计有限公司<br/></p>', '', 0),
(62, 0, '<p>福州市设计规划研究院</p>', '', 0),
(63, 0, '<p>华东建筑设计总院</p>', '', 0),
(64, 0, '<p>北京市城市规划设计院<br/></p>', '', 0),
(65, 0, '<p>关于我们中的幻灯片1<br/></p>', '', 0),
(66, 0, '<p>关于我们中的幻灯片2</p>', '', 0),
(99, 0, '<p>景观01</p>', '', 0),
(100, 0, '<p>景观02</p>', '', 0),
(101, 0, '<p>景观03</p>', '', 0),
(102, 0, '<p>景观04<br/></p>', '', 0),
(103, 0, '<p>景观05</p>', '', 0),
(104, 0, '<p>景观06</p>', '', 0),
(105, 0, '<p>景观07<br/></p>', '', 0),
(106, 0, '<p>城规01</p>', '', 0),
(107, 0, '<p>城规02</p>', '', 0),
(108, 0, '<p>城规03</p>', '', 0),
(109, 0, '<p>城规04</p>', '', 0),
(110, 0, '<p>室内01</p>', '', 0),
(111, 0, '<p>室内02<br/></p>', '', 0),
(112, 0, '<p>室内03</p>', '', 0),
(113, 0, '<p>室内04</p>', '', 0),
(114, 0, '<p>室内05</p>', '', 0),
(115, 0, '<p>室内06</p>', '', 0),
(116, 0, '<p>工业01</p>', '', 0),
(117, 0, '<p>工业02</p>', '', 0),
(118, 0, '<p>工业03</p>', '', 0),
(119, 0, '<p>工业04<br/></p>', '', 0),
(120, 0, '<p>工业05<br/></p>', '', 0),
(121, 0, '<p>工业06</p>', '', 0),
(122, 0, '<p>建筑01<br/></p>', '', 0),
(123, 0, '<p>建筑02<br/></p>', '', 0),
(124, 0, '<p>建筑03<br/></p>', '', 0),
(125, 0, '<p>建筑04</p>', '', 0),
(126, 0, '<p>建筑05</p>', '', 0),
(127, 0, '<p>建筑06<br/></p>', '', 0),
(128, 0, '<p>建筑07</p>', '', 0),
(129, 0, '<p>建筑08</p>', '', 0),
(130, 0, '<p>建筑09</p>', '', 0),
(131, 0, '<p>建筑10</p>', '', 0),
(132, 0, '<p>建筑11<br/></p>', '', 0),
(133, 0, '<p>建筑12</p>', '', 0),
(134, 0, '<p>建筑13</p>', '', 0),
(135, 0, '<p>建筑14</p>', '', 0),
(136, 0, '<p>工业07<br/></p>', '', 0),
(137, 0, '<p>工业08</p>', '', 0),
(138, 0, '<p>工业09</p>', '', 0),
(139, 0, '<p>工业10</p>', '', 0),
(140, 0, '<p>工业11</p>', '', 0),
(141, 0, '<p>景观08</p>', '', 0),
(142, 0, '<p>景观09</p>', '', 0),
(143, 0, '<p>景观10</p>', '', 0),
(144, 0, '<p>景观11</p>', '', 0),
(145, 0, '<p>景观12</p>', '', 0),
(146, 0, '<p>景观13</p>', '', 0),
(147, 0, '<p>景观14</p>', '', 0),
(148, 0, '<p>景观15</p>', '', 0),
(149, 0, '<p>景观16</p>', '', 0),
(150, 0, '<p>景观17</p>', '', 0),
(151, 0, '<p>景观18</p>', '', 0),
(152, 0, '<p>服装05</p>', '', 0),
(153, 0, '<p>服装06</p>', '', 0),
(154, 0, '<p>网上报名<br/></p>', '', 0),
(155, 0, '<h4>注意：</h4><h4>为防止恶意占位影响到其他学员的正常报名上课，正式报名或预报名后，任何形式的退学，学费和预报名费都不退，但可延续下一期的基础班或其他班，不得转让，敬请谅解</h4><p><br/></p>', '', 0),
(156, 0, '<h4>所有报名学员须缴纳300元座位预留金；</h4><h5>1：缴费方式：</h5><p>A：现场缴费 （注意携带安全）</p><p>B：银行转帐 （保留汇款凭证）</p><h5>2：银行账号：</h5><p>开户行：中国工商银行杭州浙大支行</p><p>账号：6222 0212 0200 5801 742 李红伟</p><p>请您务必核对账号和用户名，在您通过银行汇款后，请您 &nbsp; &nbsp; 保留汇款凭证并在正式报名时出示。</p><p><br/>\r\n &nbsp; &nbsp; &nbsp; &nbsp; &nbsp; &nbsp; &nbsp; &nbsp; &nbsp; &nbsp; &nbsp; &nbsp; &nbsp; &nbsp; &nbsp; &nbsp; &nbsp; &nbsp; &nbsp; &nbsp; &nbsp; &nbsp;</p><h5>注：本次报名须缴纳300元的报名费，正式报名后可以抵充学费。</h5><p><br/></p>', '', 0),
(157, 0, '<h4>2015年暑假班 &nbsp; 优惠政策</h4><h5>一：绘画基础班(钢笔速写\\色彩基础）学费2000元；</h5><h5>二：手绘设计班（建筑、景观、规划、室内、服装、工业）学费2500元；</h5><h5>三：暑假全程班（建筑、景观、规划、室内、）学费4500元；</h5><p>以上所以班级都享受如下优惠：</p><p>1：团报优惠：三人及以上团报优惠100元。</p><p>2：5月1日前优惠300元，可享受团报优惠。</p><p>3：6月1日前优惠200元，可享受团报优惠。</p><p>4：7月1日优惠100元，可享受团报优惠。</p><h5>注：凡2015年参加过现代手绘所有班级的学员，可享受8折学费优惠；</h5><p><br/></p>', '', 0),
(158, 0, '<h4>上课地址： 杭州余杭五常大道156号西溪创意园5栋3层</h4><p>（周边公交站：五常大道联胜路口）</p><h5>交通路线：</h5><p>1、萧山国际机场——五常大道联胜路口</p><p>坐机场巴士到武林门民航售票处步行至【武林门站】——乘坐506路公交车至【汽车西站】——换乘356路公交车至【五常大道联胜路口】</p><p>2、火车东站——五常大道联胜路口</p><p>坐B4到【汽车西站】下---------转乘356到【五常大道联胜路口】下</p><p>4、火车城站——五常大道联胜路口</p><p>城站火车站乘坐便民服务1号线到【汽车西站】下---------转乘356到【五常大道联胜路口】下</p><p>5、杭州汽车西站——五常大道联胜路口</p><p>乘356到【五常大道联胜路口】下</p><p><br/></p>', '', 0),
(159, 0, '<h4>2015年暑假班（第三期）手绘集训 后勤食宿</h4><p>一：住宿条件</p><p>1：统一安排、集体管理；</p><p>2：2015暑假住宿暂定：标准4人间，40元/天；</p><p>3：学校提供被子、褥子可以租用；床单、被套、生活用品请自带，也可以就近购买；</p><p>二：饮食及购物条件</p><p>1：上课教室紧临宿舍，学习生活十分便利；</p><p>2：周围超市、银行、商业圈、便利店都有，日常生活用品及购物特别方便；</p><p>3：学校有食堂、超市、小卖部、澡堂、开水房等，假期都会开放。</p><p>三：其它方面</p><p>1：宿舍有专人管理，安全有保障；</p><p>2：学员有贵重物品，如电脑、相机等可寄存在工作室，需要时再领取；</p><p>3：在学习期间会统一组织室外写生和项目考察；</p><p><br/></p>', '', 0),
(160, 0, '<p>假期班的描述<br/></p>', '', 0),
(161, 0, '<p>就业班的描述</p>', '', 0),
(162, 0, '<p>考研班的描述</p>', '', 0),
(163, 0, '<p>精品班的描述</p>', '', 0),
(164, 0, '<p>基础班的描述</p>', '', 0),
(165, 0, '<p>啊短发撒旦发生地方阿萨德发送的法撒旦发是打发打发</p><p>啊撒旦法撒旦法啊撒旦法撒旦法<br/></p>', '', 0),
(166, 0, '<p>假期班（暑假）</p>', '', 0),
(167, 0, '<p>就业班就业班就业班就业班就业班就业班就业班</p>', '', 0),
(168, 0, '<p style="text-align: center;"><img src="/Uploads/Editor/2016-11-22/5833fe08adabb.jpg" title="talent.jpg"/></p>', '', 0),
(169, 0, '<p>浙江大学<br/></p>', '', 0),
(170, 0, '<p><a href="http://www.zjut.edu.cn/" target="_blank">浙江工业大学</a></p>', '', 0);

-- --------------------------------------------------------

--
-- Table structure for table `gxr_menu`
--

CREATE TABLE IF NOT EXISTS `gxr_menu` (
  `id` smallint(6) NOT NULL AUTO_INCREMENT,
  `name` varchar(50) NOT NULL,
  `pid` smallint(6) NOT NULL,
  `module_name` varchar(40) NOT NULL,
  `action_name` varchar(20) NOT NULL,
  `data` varchar(120) NOT NULL,
  `just_action` int(1) NOT NULL DEFAULT '0' COMMENT '仅仅是一个操作（通过controller与action组合的值必须是无重复的）',
  `remark` varchar(255) NOT NULL,
  `often` tinyint(1) NOT NULL DEFAULT '0',
  `ordid` tinyint(3) unsigned NOT NULL DEFAULT '255',
  `display` tinyint(1) NOT NULL DEFAULT '1',
  `status` tinyint(1) DEFAULT '1',
  PRIMARY KEY (`id`)
) ENGINE=MyISAM  DEFAULT CHARSET=utf8 AUTO_INCREMENT=611 ;

--
-- Dumping data for table `gxr_menu`
--

INSERT INTO `gxr_menu` (`id`, `name`, `pid`, `module_name`, `action_name`, `data`, `just_action`, `remark`, `often`, `ordid`, `display`, `status`) VALUES
(1, '系统设置', 0, 'setting', 'index', '', 0, '0', 0, 1, 1, 1),
(2, '核心设置', 1, 'setting', 'index', '', 0, '', 0, 1, 1, 1),
(374, '服务列表', 290, 'service', 'index', '', 0, '', 0, 255, 1, 1),
(566, '邮件接口', 245, 'mail_config', 'index', '', 0, '', 0, 255, 1, 1),
(6, '菜单管理', 2, 'menu', 'index', '', 0, '', 0, 7, 1, 1),
(7, '新增', 6, 'menu', 'add', '', 0, '', 0, 0, 0, 1),
(8, '编辑', 6, 'menu', 'edit', '', 0, '', 0, 0, 0, 1),
(9, '删除', 6, 'menu', 'delete', '', 0, '', 0, 0, 0, 1),
(10, '内容管理', 0, 'operate', 'index', '', 0, '', 0, 4, 1, 1),
(11, '广告管理', 288, 'ad', 'index', '', 0, '', 0, 3, 1, 1),
(12, '广告管理', 11, 'ad', 'index', '', 0, '', 0, 0, 1, 1),
(13, '广告位管理', 11, 'adboard', 'index', '', 0, '', 0, 0, 1, 1),
(14, '友情链接', 288, 'link', 'index', '', 0, '', 0, 2, 1, 1),
(15, '友情链接', 14, 'link', 'index', '', 0, '', 0, 0, 1, 1),
(17, '新增', 15, 'link', 'add', '', 0, '', 0, 0, 0, 1),
(18, '编辑', 15, 'link', 'edit', '', 0, '', 0, 0, 0, 1),
(19, '删除', 15, 'link', 'delete', '', 0, '', 0, 0, 0, 1),
(23, '新增', 12, 'ad', 'add', '', 0, '', 0, 0, 0, 1),
(24, '编辑', 12, 'ad', 'edit', '', 0, '', 0, 0, 0, 1),
(25, '删除', 12, 'ad', 'delete', '', 0, '', 0, 0, 0, 1),
(26, '新增', 13, 'adboard', 'add', '', 0, '', 0, 0, 0, 1),
(27, '编辑', 13, 'adboard', 'edit', '', 0, '', 0, 0, 0, 1),
(28, '删除', 13, 'adboard', 'delete', '', 0, '', 0, 0, 0, 1),
(382, '导航分类', 2, 'nav_cat', 'index', '', 0, '', 0, 255, 1, 1),
(32, '数据备份', 31, 'backup', 'index', '', 0, '', 0, 0, 1, 1),
(33, '数据恢复', 31, 'backup', 'restore', '', 0, '', 0, 0, 1, 1),
(34, '清理缓存', 2, 'cache', 'index', '', 0, '', 1, 0, 0, 1),
(36, '禁止 IP', 117, 'ipban', 'index', '', 0, '', 1, 3, 0, 1),
(37, '新增', 36, 'ipban', 'add', '', 0, '', 0, 0, 0, 1),
(38, '编辑', 36, 'ipban', 'edit', '', 0, '', 0, 0, 0, 1),
(50, '任务管理', 0, 'content', 'index', '', 0, '', 0, 5, 1, 1),
(373, '任务分类', 372, 'items_cate', 'index', '', 0, '', 0, 255, 1, 1),
(52, '商品管理', 51, 'items', 'index', '', 0, '', 0, 2, 1, 1),
(54, '编辑', 52, 'article', 'edit', '', 0, '', 0, 3, 0, 1),
(56, '商品分类', 292, 'items_cate', 'index', '', 0, '', 0, 6, 1, 1),
(57, '新增', 56, 'article_cate', 'add', '', 0, '', 0, 0, 0, 1),
(58, '编辑', 56, 'article_cate', 'edit', '', 0, '', 0, 0, 0, 1),
(59, '删除', 56, 'article_cate', 'delete', '', 0, '', 0, 0, 0, 1),
(60, '管理员管理', 1, 'admin', 'index', '', 0, '', 0, 4, 1, 1),
(61, '管理员管理', 60, 'admin', 'index', '', 0, '', 0, 1, 1, 1),
(62, '新增', 61, 'admin', 'add', '', 0, '', 0, 0, 0, 1),
(63, '编辑', 61, 'admin', 'edit', '', 0, '', 0, 0, 0, 1),
(64, '删除', 61, 'admin', 'delete', '', 0, '', 0, 0, 0, 1),
(65, '分组管理', 60, 'admin_role', 'index', '', 0, '', 0, 2, 1, 1),
(66, '新增', 65, 'admin_role', 'add', '', 0, '', 0, 0, 0, 1),
(70, '会员管理', 0, 'user', 'index', '', 0, '', 0, 6, 1, 1),
(117, '会员管理', 70, 'user', 'index', '', 0, '', 0, 1, 1, 1),
(118, '编辑', 149, 'user', 'edit', '', 0, '', 0, 4, 0, 1),
(119, '新增', 149, 'user', 'add', '', 0, '', 0, 3, 0, 1),
(148, '站点设置', 2, 'setting', 'index', '', 0, '', 0, 0, 1, 1),
(149, '会员管理', 117, 'user', 'index', '', 0, '', 0, 1, 1, 1),
(150, '删除', 149, 'user', 'delete', '', 0, '', 0, 5, 0, 1),
(151, '导航设置', 288, 'nav', 'index', '', 0, '', 1, 1, 1, 1),
(152, '主导航', 151, 'nav', 'index', '/type/main', 0, '', 0, 1, 1, 1),
(153, '顶部导航', 151, 'nav', 'index', '/type/top', 0, '', 0, 2, 1, 1),
(154, '文章管理', 10, 'article', 'index', '', 0, '', 0, 1, 1, 1),
(155, '文章管理', 154, 'article', 'index', '', 0, '', 0, 1, 1, 1),
(156, '文章分类', 154, 'article_cate', 'index', '', 0, '', 0, 3, 1, 1),
(157, '添加文章', 155, 'article', 'add', '', 0, '', 0, 2, 1, 1),
(158, '编辑', 155, 'article', 'edit', '', 0, '', 0, 3, 0, 1),
(159, '删除', 155, 'article', 'delete', '', 0, '', 0, 4, 0, 1),
(160, '新增', 156, 'article_cate', 'add', '', 0, '', 0, 0, 0, 1),
(161, '编辑', 156, 'article_cate', '编辑', '', 0, '', 0, 0, 0, 1),
(162, '删除', 156, 'article_cate', 'delete', '', 0, '', 0, 0, 0, 1),
(372, '基础数据', 50, 'fenlei', 'index', '', 0, '', 0, 255, 1, 1),
(181, '删除', 36, 'ipban', 'delete', '', 0, '', 0, 0, 0, 1),
(185, '地图接口', 245, 'map_api', 'edit', '', 0, '', 0, 1, 1, 1),
(186, '包裹列表', 294, 'package', 'index', '', 0, '', 0, 7, 1, 1),
(364, '包裹列表', 186, 'package', 'index', '', 0, '', 0, 1, 1, 1),
(190, '删除', 52, 'items', 'delete', '', 0, '', 0, 4, 0, 1),
(195, '登陆接口', 245, 'oauth', 'index', '', 0, '', 0, 2, 1, 1),
(198, '新增', 196, 'message', 'add', '', 0, '', 0, 0, 0, 1),
(362, '添加幻灯片', 360, 'slide', 'add', '', 0, '', 0, 255, 1, 1),
(200, '新增', 199, 'items_orig', 'add', '', 0, '', 0, 0, 0, 1),
(201, '编辑', 199, 'items_orig', 'edit', '', 0, '', 0, 0, 0, 1),
(202, '删除', 199, 'items_orig', 'delete', '', 0, '', 0, 0, 0, 1),
(363, '　 　', 352, 'help', 'contact', '', 0, '', 0, 255, 1, 1),
(232, '站内信管理', 70, 'message', 'index', '', 0, '', 0, 2, 1, 1),
(233, '系统通知', 232, 'msg', 'index', '/type/1', 0, '', 0, 0, 1, 1),
(234, '站内信记录', 232, 'msg', 'index', '/type/2', 0, '', 0, 0, 1, 1),
(235, '站内信邮件模版', 1, 'message_tpl', 'index', '', 0, '', 0, 3, 1, 1),
(237, '模板分类管理', 235, 'message_tpl', 'cate_list', '', 0, '', 0, 255, 1, 1),
(242, '积分记录', 269, 'score', 'logs', '', 0, '', 0, 2, 1, 1),
(245, '系统接口', 1, 'apis', 'index', '', 0, '', 0, 2, 1, 1),
(247, '应用中心', 246, 'plugin', 'index', '', 0, '', 0, 0, 1, 1),
(248, '已安装应用', 246, 'plugin', 'list', '', 0, '', 0, 0, 1, 1),
(361, '幻灯片管理', 360, 'slide', 'index', '', 0, '', 0, 255, 1, 1),
(257, '积分商品', 256, 'score_item', 'index', '', 0, '', 0, 2, 1, 1),
(258, '商品分类', 256, 'score_item_cate', 'index', '', 0, '', 0, 1, 1, 1),
(259, '新增', 258, 'score_item_cate', 'add', '', 0, '', 0, 1, 0, 1),
(260, '编辑', 258, 'score_item_cate', 'edit', '', 0, '', 0, 2, 0, 1),
(261, '删除', 258, 'score_item_cate', 'delete', '', 0, '', 0, 3, 0, 1),
(262, '订单管理', 256, 'score_order', 'index', '', 0, '', 0, 3, 1, 1),
(263, '添加商品', 257, 'score_item', 'add', '', 0, '', 0, 2, 1, 1),
(264, '编辑', 257, 'score_item', 'edit', '', 0, '', 0, 3, 0, 1),
(265, '删除', 257, 'score_item', 'edit', '', 0, '', 0, 4, 0, 1),
(269, '积分设置', 50, 'score', 'setting', '', 0, '', 0, 4, 0, 1),
(270, '模板列表', 235, 'message_tpl', 'index', '', 0, '', 0, 6, 1, 1),
(526, '充值审核', 522, 'finance', 'recharge', '', 0, '', 0, 4, 1, 1),
(275, '站点设置', 148, 'setting', 'index', '', 0, '', 0, 1, 1, 1),
(276, '积分设置', 269, 'score', 'setting', '', 0, '', 0, 1, 1, 1),
(277, '商品管理', 52, 'items', 'index', '', 0, '', 0, 1, 1, 1),
(278, '文章管理', 155, 'article', 'index', '', 0, '', 0, 1, 1, 1),
(279, '会员管理', 149, 'user', 'index', '', 0, '', 0, 1, 1, 1),
(280, '积分商品', 257, 'score_item', 'index', '', 0, '', 0, 1, 1, 1),
(281, '评论采集', 291, 'cmt_taobao', 'index', '', 0, '', 0, 1, 1, 1),
(282, 'SEO设置', 2, 'seo', 'url', '', 0, '', 0, 6, 1, 0),
(283, 'UR静态化', 282, 'seo', 'url', '', 0, '', 0, 255, 1, 1),
(284, '页面SEO', 282, 'seo', 'page', '', 0, '', 0, 255, 1, 1),
(286, '注册登陆', 148, 'setting', 'user', '', 0, '', 0, 3, 1, 0),
(287, '插件管理', 0, 'plugins', 'index', '', 0, '', 0, 3, 1, 1),
(288, '插件管理', 287, 'plugins', 'index', '', 0, '', 0, 1, 1, 1),
(383, '新增', 382, 'nav_cat', 'add', '', 0, '', 0, 2, 1, 1),
(370, '包裹列表', 367, 'package', 'index', '', 0, '', 0, 255, 1, 1),
(371, '统一录入', 367, 'package', 'add_batch', '', 0, '', 0, 1, 1, 1),
(295, '站内帮助', 10, 'help', 'index', '', 0, '', 0, 22, 1, 1),
(296, '帮助信息', 295, 'help', 'index', '', 0, '', 0, 1, 1, 1),
(297, '帮助信息', 296, 'help', 'index', '', 0, '', 0, 1, 1, 1),
(298, '添加帮助', 296, 'help', 'add', '', 0, '', 0, 2, 1, 1),
(419, '访谈管理', 417, 'articleext', 'interview', '', 0, '', 0, 255, 1, 1),
(424, '成功案例', 416, 'articleext', 'cases', '', 0, '', 0, 1, 1, 1),
(418, '精彩专题', 416, 'articleext', 'theme', '', 0, '', 0, 22, 1, 1),
(302, '清空数据', 51, 'items', 'clear', '', 0, '', 0, 4, 1, 1),
(304, '单个商品采集', 281, 'cmt_taobao', 'item', '', 0, '', 0, 255, 1, 1),
(305, '过期商品', 51, 'items', 'outtime', '', 0, '', 0, 3, 1, 1),
(306, '其他设置', 148, 'setting', 'index', '/type/other', 0, '', 0, 6, 1, 1),
(307, '一键延时', 51, 'items', 'key_addtime', '', 0, '', 0, 5, 1, 1),
(351, '联系我们', 10, 'help', 'contact', '', 0, '', 0, 255, 1, 1),
(311, '值得买', 310, 'setting', 'index', '/type/zhi', 0, '', 0, 3, 1, 1),
(312, '还会喜欢', 310, 'setting', 'index', '/type/orlike', 0, '', 0, 255, 1, 1),
(313, '关键字屏蔽', 291, 'pjword', 'index', '', 0, '', 0, 255, 1, 1),
(466, '服务出售管理', 394, 'store_service', 'index', '', 0, '', 0, 2, 1, 1),
(315, '举报管理', 51, 'report', 'index', '', 0, '', 0, 255, 1, 0),
(319, '审核未通过', 293, 'items', 'notcheck', '', 0, '', 0, 255, 1, 1),
(323, '商品分类', 249, 'items_cate', 'ajax_getchilds', '', 0, '', 0, 255, 0, 0),
(324, '一键获取商品', 249, 'items', 'ajaxgetid', '', 0, '', 0, 255, 1, 1),
(417, '人才访谈', 416, 'articleext', 'interview', '', 0, '', 0, 33, 0, 1),
(416, '其他内容', 10, '', '', '', 0, '', 0, 4, 1, 1),
(437, '帮助分类', 295, 'help_cate', 'index', '', 0, '', 0, 255, 1, 1),
(328, '升级数据库', 31, 'backup', 'upsql', '', 0, '', 0, 255, 1, 1),
(598, '任务分类ajax_childs查询', 372, 'items_cate', 'ajax_getchilds', '', 0, '', 0, 255, 0, 1),
(332, '插件管理', 288, 'plugin', 'plugin_list', '', 0, '', 0, 255, 0, 1),
(333, '正在使用', 287, 'plugin', 'index', '', 0, '', 0, 255, 1, 0),
(338, '友情链接', 333, 'link', 'index', '', 0, '', 1, 255, 1, 0),
(339, '模板样式', 148, 'setting', 'index', '/type/template', 0, '', 0, 7, 0, 1),
(340, '性能优化', 2, 'setting', 'cache', '', 0, '', 0, 255, 1, 1),
(341, '在线客服', 148, 'setting', 'index', '/type/kefu', 0, '', 1, 8, 1, 1),
(342, '特价采集', 164, 'tejia', 'index', '', 0, '', 0, 255, 1, 1),
(360, '幻灯片管理', 358, 'slide', 'index', '', 0, '', 0, 1, 1, 1),
(344, '底部导航', 151, 'nav', 'index', '/type/bottom', 0, '', 0, 255, 1, 1),
(345, '支付接口', 245, 'payment', 'index', '', 0, '', 0, 3, 1, 1),
(367, '统一录入', 294, 'package', 'add_batch', '', 0, '', 0, 1, 1, 1),
(366, '统一录入', 186, 'package', 'add_batch', '', 0, '', 0, 255, 1, 1),
(352, '联系我们', 351, 'help', 'contact', '', 0, '', 0, 255, 1, 0),
(353, '联系我们', 352, 'help', 'contact', '', 0, '', 0, 1, 1, 1),
(354, '碎片管理', 10, 'block', 'index', '', 0, '', 0, 255, 1, 1),
(355, '碎片管理', 354, 'block', 'index', '', 0, '', 0, 255, 1, 1),
(356, '碎片列表', 355, 'block', 'index', '', 0, '', 0, 255, 1, 1),
(357, '添加碎片', 355, 'block', 'add', '', 0, '', 0, 255, 1, 1),
(375, '服务管理', 374, 'service', 'index', '', 0, '', 0, 255, 1, 1),
(376, '添加服务', 375, 'service', 'add', '', 0, '', 0, 255, 1, 1),
(377, '服务管理', 375, 'service', 'index', '', 0, '', 0, 1, 1, 1),
(379, '运单管理', 378, 'shipping', 'index', '', 0, '', 0, 255, 1, 1),
(380, '运单列表', 379, 'shipping', 'index', '', 0, '', 0, 255, 1, 1),
(381, '运单列表', 380, 'shipping', 'index', '', 0, '', 0, 255, 1, 1),
(385, '分类列表', 382, 'nav_cat', 'index', '', 0, '', 0, 1, 1, 1),
(388, '认证管理', 70, 'auth_realname', 'index', '', 0, '', 0, 255, 1, 1),
(389, '实名认证', 388, 'auth_realname', 'index', '', 0, '', 0, 255, 1, 1),
(390, '服务管理', 504, 'task_service', 'index', '', 0, '', 0, 255, 1, 1),
(391, '财务管理', 0, '', '', '', 0, '', 0, 9, 1, 1),
(392, '任务管理', 50, 'task', 'index', '', 0, '', 0, 255, 1, 1),
(393, '商铺管理', 0, 'store', 'index', '', 0, '', 0, 7, 1, 1),
(394, '店铺管理', 393, 'store', 'index', '', 0, '', 0, 255, 1, 1),
(395, '店铺管理', 394, 'store', 'index', '', 0, '', 0, 1, 1, 1),
(595, '任务模板设置', 372, 'Template', 'index', '', 0, '', 0, 255, 1, 1),
(405, '用户流水', 404, 'user_amount', 'index', '', 0, '', 0, 255, 1, 1),
(406, '银行卡认证', 388, 'bank', 'index', '', 0, '', 0, 255, 1, 1),
(411, '悬赏任务', 392, 'task', 'index', '/tt/w1', 0, '', 0, 1, 1, 1),
(408, '多人悬赏', 392, 'task', 'index', '/tt/w2', 0, '', 0, 2, 0, 0),
(409, '计件任务', 392, 'task', 'index', '/tt/w3', 0, '', 0, 3, 0, 0),
(410, '招标任务', 392, 'task', 'index', '/tt/w4', 0, '', 0, 4, 0, 1),
(412, '任务回收站', 392, 'task', 'index', '/tt/w5', 0, '', 0, 222, 1, 1),
(413, '所有留言', 507, 'task_msg', 'index', '', 0, '', 0, 255, 1, 1),
(414, '人才等级特权', 117, 'grade', 'index', '', 0, '', 0, 255, 1, 1),
(420, '添加访谈', 417, 'articleext', 'interview_add', '', 0, '', 0, 255, 1, 1),
(421, '精彩专题', 418, 'articleext', 'theme', '', 0, '', 0, 255, 1, 1),
(422, '添加精彩专题', 418, 'articleext', 'theme_add', '', 0, '', 0, 255, 1, 1),
(423, '专题分类', 416, 'theme_cat', 'index', '', 0, '', 0, 255, 1, 1),
(425, '案例管理', 424, 'articleext', 'cases', '', 0, '', 0, 255, 1, 1),
(426, '添加案例', 424, 'articleext', 'cases_add', '', 0, '', 0, 255, 1, 1),
(427, '案例分类', 416, 'cases_cat', 'index', '', 0, '', 0, 255, 1, 1),
(428, '优秀人才', 416, 'articleext', 'weike', '', 0, '', 0, 3, 1, 1),
(429, '优秀人才', 428, 'articleext', 'weike', '', 0, '', 0, 255, 1, 1),
(430, '添加优秀人才', 428, 'articleext', 'weike_add', '', 0, '', 0, 255, 1, 1),
(431, '经验分享', 416, 'articleext', 'experience', '', 0, '', 0, 55, 0, 1),
(432, '经验分享', 431, 'articleext', 'experience', '', 0, '', 0, 255, 1, 1),
(433, '添加经验分享', 431, 'articleext', 'experience_add', '', 0, '', 0, 255, 1, 1),
(594, '基本数据', 592, 'AnalyseGeneral', 'index', '', 0, '', 0, 255, 1, 1),
(592, '概况', 502, '', '', '', 0, '', 0, 10, 1, 1),
(438, '活动页咨询', 416, 'active_ask', 'index', '', 0, '', 0, 255, 1, 1),
(439, '客服管理', 295, 'customer', 'index', '', 0, '', 0, 255, 1, 1),
(440, '素材出售管理', 394, 'store_chuangpin', 'index', '', 0, '', 0, 3, 1, 1),
(441, '举报管理', 507, 'report', 'index', '', 0, '', 0, 255, 1, 1),
(442, '团队风采', 394, 'store_team', 'index', '', 0, '', 0, 255, 1, 1),
(593, '用户概况', 591, 'AnalyseUser', 'index', '', 0, '', 0, 255, 1, 1),
(591, '用户分析', 502, '', '', '', 0, '', 0, 255, 1, 1),
(590, '所有语言包', 585, 'Lang', 'index', '', 0, '', 0, 10, 1, 1),
(589, '基本测试', 586, 'Test', 'index', '', 0, '', 0, 255, 1, 1),
(588, '前台模块语言', 585, 'Lang', 'homeLang', '', 0, '', 0, 255, 1, 1),
(525, '用户流水', 522, 'user_amount', 'index', '', 0, '', 0, 3, 1, 1),
(524, '网站收支', 522, '', '', '', 0, '', 0, 2, 0, 1),
(587, '管理模块语言', 585, 'Lang', 'adminLang', '', 0, '', 0, 255, 1, 1),
(586, '环境测试', 1, 'Test', 'index', '', 0, '', 0, 255, 1, 1),
(585, '语言包', 1, 'Lang', 'index', '', 0, '', 0, 255, 0, 1),
(457, '雇佣任务', 392, 'task', 'index', '/tt/w6', 0, '', 0, 255, 1, 0),
(458, '草稿箱任务', 392, 'task', 'index', '/tt/w7', 0, '', 0, 255, 1, 1),
(459, '直接雇佣', 392, 'task', 'index', '/tt/w8', 0, '', 0, 5, 1, 1),
(460, '成功雇主', 416, 'articleext', 'successmaster', '', 0, '', 0, 2, 1, 1),
(461, '成功雇主', 460, 'articleext', 'successmaster', '', 0, '', 0, 255, 1, 1),
(462, '添加', 460, 'articleext', 'successmaster_add', '', 0, '', 0, 255, 1, 1),
(463, '渠道商申请', 333, 'apply', 'index', '', 0, '', 0, 255, 1, 0),
(464, '退款申请', 507, 'Task_backmoney', 'index', '', 0, '', 0, 255, 1, 1),
(465, '开票申请', 507, 'task_invoice', 'index', '', 0, '', 0, 255, 1, 1),
(467, '管理员操作日志', 60, 'admin_log', 'index', '', 0, '', 0, 255, 1, 1),
(584, '生产热词', 581, 'Mall', 'engenderHotKeyword', '', 0, '', 0, 255, 1, 1),
(583, '热词管理', 581, 'Mall', 'hotkeyword', '', 0, '', 0, 255, 1, 1),
(471, '问答管理', 117, 'user_ask', 'index', '', 0, '', 0, 255, 1, 0),
(472, '推广管理', 70, 'prom_img', 'index', '', 0, '', 0, 255, 1, 1),
(473, '图片推广', 472, 'prom_img', 'index', '', 0, '', 0, 3, 1, 1),
(474, '图片推广', 473, 'prom_img', 'index', '', 0, '', 0, 255, 1, 1),
(475, '添加图片推广', 473, 'prom_img', 'add', '', 0, '', 0, 255, 1, 1),
(476, '任务状态管理', 372, 'task_zt', 'index', '', 0, '', 0, 255, 1, 0),
(582, '搜索关键词', 581, 'Mall', 'index', '', 0, '', 0, 1, 1, 1),
(581, '搜索关键词', 580, '', '', '', 0, '', 0, 255, 1, 1),
(580, '创品商城', 0, '', '', '', 0, '', 0, 9, 1, 1),
(578, '短信清除缓存', 245, 'MsgConfig', 'smsClear', '', 0, '', 0, 255, 1, 1),
(482, '众筹管理', 0, '', '', '', 0, '', 0, 8, 1, 0),
(483, '基础设置', 482, '', '', '', 0, '', 0, 255, 1, 1),
(484, '幻灯片管理', 483, 'zhongchou', 'ad_index', '', 0, '', 0, 255, 1, 1),
(485, '添加', 484, 'zhongchou', 'ad_add', '', 0, '', 0, 255, 1, 1),
(486, '工具管理', 504, 'tools', 'index', '', 0, '任务工具管理', 0, 255, 1, 1),
(487, '采购历程', 416, 'articleext', 'caigou', '', 0, '', 0, 255, 0, 0),
(488, '成功采购历程', 487, 'articleext', 'caigou', '', 0, '', 0, 255, 1, 1),
(489, '添加采购历程', 487, 'articleext', 'caigou_add', '', 0, '', 0, 255, 1, 1),
(490, '成功生产商', 416, 'articleext', 'shengchanshang', '', 0, '', 0, 255, 0, 0),
(491, '成功生产商', 490, 'articleext', 'shengchanshang', '', 0, '', 0, 255, 1, 1),
(492, '添加生产商', 490, 'articleext', 'shengchanshang_add', '', 0, '', 0, 255, 1, 1),
(493, '项目审核', 483, 'zhongchou', 'examine', '', 0, '', 0, 255, 1, 1),
(494, '众筹分类管理', 483, 'zhongchou', 'classManager', '', 0, '', 0, 255, 1, 1),
(495, '邮箱认证', 388, 'user', 'mailApprove', '', 0, '', 0, 255, 1, 1),
(496, '手机认证', 388, 'user', 'phoneApprove', '', 0, '', 0, 255, 1, 1),
(497, '积分管理', 70, '', '', '', 0, '', 0, 255, 1, 1),
(498, '雇主积分管理', 497, 'employer_level_setting', 'index', '', 0, '', 0, 255, 1, 1),
(499, '人才积分管理', 497, 'ck_level_setting', 'index', '', 0, '', 0, 255, 1, 1),
(523, '财务概况', 522, 'finance', 'revenue', '', 0, '', 0, 1, 1, 1),
(522, '财务模块', 391, '', '', '', 0, '', 0, 255, 1, 1),
(502, '数据分析', 0, '', '', '', 0, '', 0, 10, 1, 1),
(503, '达人故事会审核', 416, 'talent_post', 'index', '', 0, '', 0, 255, 1, 0),
(504, '增值服务', 50, '', '', '', 0, '', 0, 255, 1, 1),
(505, '购买记录', 504, 'tools_log', 'index', '', 0, '', 0, 255, 1, 1),
(506, '宝贵建议', 507, 'suggest', 'index', '', 0, '', 0, 255, 1, 1),
(507, '用户反馈', 50, '', '', '', 0, '', 0, 255, 1, 1),
(508, '评价管理', 70, '', '', '', 0, '', 0, 255, 1, 1),
(509, '评价申诉', 508, 'comment_entry', 'index', '', 0, '', 0, 255, 1, 1),
(510, '互评记录管理', 508, 'recommend', 'index', '', 0, '', 0, 255, 1, 1),
(511, '积分流水', 497, 'ck_level_log', 'index', '', 0, '', 0, 255, 1, 1),
(512, '素材订单', 394, 'goods_order', 'index', '', 0, '', 0, 4, 1, 1),
(513, '任务模式配置', 50, 'TaskConfig', 'index', '', 0, '', 0, 255, 1, 1),
(514, '悬赏任务', 513, 'TaskConfig', 'sgin', '', 0, '', 0, 255, 1, 1),
(515, '招标任务', 513, 'TaskConfig', 'tenderoffer', '', 0, '', 0, 255, 1, 0),
(516, '计件悬赏', 513, 'TaskConfig', 'piecework', '', 0, 'piecework', 0, 255, 1, 0),
(517, '直接雇佣', 513, 'TaskConfig', 'directemploy', '', 0, '', 0, 255, 1, 1),
(519, '附件管理', 507, 'file', 'index', '', 0, '', 0, 255, 1, 1),
(520, '数据库管理', 60, 'db', 'dbbackup', '', 0, '', 0, 255, 1, 1),
(521, '短信配置', 245, 'MsgConfig', 'index', '', 0, '', 0, 255, 1, 1),
(527, '提现审核', 522, 'cash_log', 'index', '', 0, '', 0, 5, 1, 1),
(528, '手动充值', 522, 'user', 'recharge', '', 0, '', 0, 6, 1, 1),
(529, '支付接口', 522, '', '', '', 0, '', 0, 255, 0, 1),
(530, '推广管理', 472, '', '', '', 0, '', 0, 255, 1, 0),
(531, '推广配置管理', 472, 'prom', 'config', '', 0, '', 0, 1, 1, 1),
(532, '推广关系管理', 472, 'prom', 'relation', '', 0, '', 0, 2, 1, 1),
(533, '保障商城', 522, 'finance', 'security', '', 0, '', 0, 255, 1, 1),
(534, '论坛', 10, '', '', '', 0, '', 0, 255, 1, 1),
(535, '帖子管理', 534, 'bbs_article', 'index', '', 0, '', 0, 255, 1, 1),
(536, '评论管理', 534, 'bbs_article', 'bbs_comment', '', 0, '', 0, 255, 1, 1),
(537, '版块管理', 534, 'bbs_article', 'bbsCategory', '', 0, '', 0, 255, 1, 1),
(538, '论坛公告', 534, 'bbs_article', 'noticeManage', '', 0, '', 0, 255, 1, 1),
(539, '聊天系统管理', 70, 'user_chat', 'index', '', 0, '', 0, 255, 1, 1),
(540, '聊天记录', 539, 'user_chat', 'index', '', 0, '', 0, 255, 1, 1),
(541, '获取任务分类', 372, 'items_cate', 'ajax_getchilds', '', 0, '', 0, 255, 0, 1),
(542, '雇主积分流水', 497, 'employer_level_log', 'index', '', 0, '', 0, 255, 1, 1),
(543, '冻结操作', 392, 'task', 'notallowFaild', '', 0, '', 0, 255, 0, 1),
(544, '冻结关闭处理', 392, 'task', 'closeFreezeTask', '', 0, '', 0, 255, 0, 1),
(545, '任务删除', 392, 'task', 'delete', '', 0, '', 0, 255, 0, 1),
(546, '恢复删除任务', 392, 'task', 'notdelete', '', 0, '', 0, 255, 0, 1),
(547, '站内信查看', 234, 'msg', 'moreinfo', '', 0, '', 0, 255, 0, 1),
(548, '推荐到分类', 395, 'store', 'rcat', '', 0, '', 0, 255, 0, 1),
(549, '推荐到人才', 395, 'store', 'rtalent', '', 0, '', 0, 255, 0, 1),
(550, '取消推荐的到人才', 395, 'store', 'del_rtalent', '', 0, '', 0, 255, 0, 1),
(551, '取消推荐到分类', 395, 'store', 'del_rec', '', 0, '', 0, 255, 0, 1),
(552, '审核通过', 392, 'task', 'ajax_edit', '', 0, '', 0, 255, 0, 1),
(553, '审核不通过', 392, 'task', 'examineFaild', '', 0, '', 0, 255, 0, 1),
(554, '解冻', 392, 'task', 'unfreezeTask', '', 0, '', 0, 255, 0, 1),
(555, '店铺详情', 395, 'store', 'info', '', 0, '', 0, 255, 0, 1),
(556, '包月雇佣', 513, 'TaskConfig', 'monthtask', '', 0, '', 0, 255, 1, 1),
(557, '打赏贴子记录', 534, 'bbs_article', 'bbsReward', '', 0, '', 0, 255, 1, 1),
(558, '打赏回贴记录', 534, 'bbs_article', 'bbsRewardComment', '', 0, '', 0, 255, 1, 1),
(559, '包月雇佣', 392, 'task', 'index', '/tt/w9', 0, '', 0, 6, 1, 1),
(560, '错误页面反馈', 351, 'badurl', 'index', '', 0, '', 0, 255, 1, 1),
(561, '任务描述审查', 50, '', '', '', 0, '', 0, 255, 1, 1),
(562, '任务描述审查', 561, 'TaskAudit', 'index', '', 0, '', 0, 255, 1, 1),
(563, '会员关联帐号', 117, 'user', 'auditOtherAccounts', '', 0, '', 0, 254, 1, 1),
(564, '短信发送记录', 232, 'msg', 'sms_list', '', 0, '', 0, 254, 1, 1),
(565, 'seo配置', 288, 'seo', 'index', '/module/index', 0, '', 0, 255, 1, 1),
(567, '发送电子邮件', 232, 'mail', 'index', '', 0, '', 0, 255, 1, 1),
(568, '发短信', 232, 'sms', 'send', '', 0, '', 0, 253, 1, 1),
(569, '权重配置管理', 393, '', '', '', 0, '', 0, 255, 1, 1),
(570, '商铺权重配置', 569, 'storeWeight', 'index', '', 0, '', 0, 255, 1, 1),
(571, '服务权重配置', 569, 'serviceWeight', 'index', '', 0, '', 0, 255, 1, 1),
(572, '所有稿件', 392, 'task_bid', 'index', '', 0, '', 0, 255, 1, 1),
(573, '店铺布局', 394, 'store_layout_setting', 'index', '', 0, '店铺布局', 0, 255, 1, 1),
(574, '首页设置', 0, 'setindex', 'index', '', 0, '', 0, 2, 1, 1),
(575, '首页模块设置', 574, '', '', '', 0, '', 0, 255, 1, 1),
(576, '模版设置', 575, 'setindex', 'hottask', '', 0, '', 0, 255, 1, 1),
(577, '店铺组件管理', 394, 'store_template_setting', 'index', '', 0, '', 0, 255, 1, 1),
(596, '附件上传配置', 2, 'setting', 'uploadconfig', '', 0, '', 0, 255, 1, 1),
(597, '店铺客服', 394, 'StoreKefu', 'index', '', 0, '', 0, 255, 1, 1),
(599, '管理员基本操作', 0, 'index', 'index', '', 0, '', 0, 255, 0, 1),
(600, '登录', 599, 'index', 'login', '', 0, '', 0, 255, 0, 1),
(601, '退出', 599, 'index', 'logout', '', 0, '', 0, 255, 0, 1),
(602, '店铺名修改记录', 394, 'changestorenameLog', 'index', '', 0, '', 0, 255, 1, 1),
(603, '通过审核', 602, 'changestorenameLog', 'pass', '', 0, '', 0, 255, 0, 1),
(604, '不通过审核', 602, 'changestorenameLog', 'notpass', '', 1, '', 0, 255, 0, 1),
(605, 'fddd', 0, 'testmodule', 'index', '1', 0, '', 0, 255, 1, 1),
(606, 'fff', 605, 'testmodule', 'index', '', 0, '', 0, 255, 1, 1),
(607, '过滤敏感词', 354, 'badword', 'index', '', 0, '', 0, 255, 1, 1),
(608, '敏感词配置', 607, 'FiterBadWords', 'config', '', 0, '', 0, 255, 1, 1),
(609, '过滤记录', 607, 'FiterBadWords', 'log', '', 0, '', 0, 255, 1, 1),
(610, '敏感词首页', 607, 'badword', 'index', '', 0, '', 0, 255, 1, 1);

-- --------------------------------------------------------

--
-- Table structure for table `gxr_picture`
--

CREATE TABLE IF NOT EXISTS `gxr_picture` (
  `id` int(10) unsigned NOT NULL AUTO_INCREMENT COMMENT '主键id自增',
  `path` varchar(255) NOT NULL DEFAULT '' COMMENT '路径',
  `url` varchar(255) NOT NULL DEFAULT '' COMMENT '图片链接',
  `md5` char(32) NOT NULL DEFAULT '' COMMENT '文件md5',
  `sha1` char(40) NOT NULL DEFAULT '' COMMENT '文件 sha1编码',
  `status` tinyint(2) NOT NULL DEFAULT '0' COMMENT '状态',
  `create_time` int(10) unsigned NOT NULL DEFAULT '0' COMMENT '创建时间',
  PRIMARY KEY (`id`)
) ENGINE=MyISAM  DEFAULT CHARSET=utf8 AUTO_INCREMENT=127 ;

--
-- Dumping data for table `gxr_picture`
--

INSERT INTO `gxr_picture` (`id`, `path`, `url`, `md5`, `sha1`, `status`, `create_time`) VALUES
(1, '/Uploads/Picture/2016-11-14/58296ad273699.jpg', '', '49a9fb58f20f0a09de6547afc620277a', '9a42f87c69d04a83070ea83c59bad3227d397507', 1, 1479109330),
(2, '/Uploads/Picture/2016-11-14/58296e73abb60.jpg', '', 'f39331405d482d531cb059b77f86dba5', 'fc85fdeb6defbbd25a156e6c8e843fce6212208d', 1, 1479110259),
(3, '/Uploads/Picture/2016-11-14/582984419db11.jpg', '', '02f6c50babec14cbd99d2fa3828c9e7a', '952ff91d16333c29207276044d8ce9d4caeeb1d9', 1, 1479115841),
(4, '/Uploads/Picture/2016-11-15/582aabf04b0eb.png', '', 'c0c28a31379ad80399a724c9dbc31831', '5f9dc6755541db7a3b8e93ebbfbc752d6ceaaa14', 1, 1479191536),
(5, '/Uploads/Picture/2016-11-15/582ad2e3900fe.png', '', '8119753b3ff650e905f249761a4009c1', '3a21e20dd71c4c4efbc1ff0261f9471e2d674df6', 1, 1479201507),
(6, '/Uploads/Picture/2016-11-16/582bbdb357de6.png', '', '3d8fcb65a5658495ba1a0fcf71454d09', '4ff1025b58f381e24c6f50f174ec0cdf01730e96', 1, 1479261619),
(7, '/Uploads/Picture/2016-11-16/582bc4071f051.jpg', '', 'dcfc788d21cc1b201fab00f1342769dc', '8e2bfd4c2e6df0359439263f936e85880c9e29eb', 1, 1479263239),
(8, '/Uploads/Picture/2016-11-19/582fc7e7c6966.jpg', '', 'fe436e7ab3d5fbe64626fea6a9ec2c4a', 'b7a789e422aa109e4f5fc47c949e795f0b20b7f0', 1, 1479526375),
(9, '/Uploads/Picture/2016-11-19/583005dbc7953.jpg', '', '208bd8eb9115fe3ddf00f0687f73a6c2', 'a471a0eb1a2671d42147c4d89ad041e8dc637b47', 1, 1479542235),
(10, '/Uploads/Picture/2016-11-19/583005f203b02.jpg', '', 'e69c1b38fb2f84bd9b06c4e466be4706', 'f3e414333e908e3910ee4f2a83382ecd08de8335', 1, 1479542257),
(11, '/Uploads/Picture/2016-11-19/5830063442355.jpg', '', '5cc7e2f10245f49df0b20ba418ac64b3', '21697ab9eef8a7f0d0a71c49e4c96646ec7de516', 1, 1479542324),
(12, '/Uploads/Picture/2016-11-19/583006429ba47.jpg', '', '05b95a9a2ef1d8fb9b98c0c6d487e49b', '24197ad5652327bf4e0234d65a8a2f4473a126d7', 1, 1479542338),
(13, '/Uploads/Picture/2016-11-19/5830105ad5058.jpg', '', 'b5795725606928a553bf151c9eebde3c', '417000b618f30bd73f591cfcd92aa9db76c547b8', 1, 1479544922),
(14, '/Uploads/Picture/2016-11-19/58301117a0a18.jpg', '', 'd53b92de1ee5f9be4a6fc3bbd3eb5962', '5b35eb6d19534d91c7b5a9ccc56067d13da5beae', 1, 1479545111),
(15, '/Uploads/Picture/2016-11-19/58301190c9b17.jpg', '', '3f17bc0fbcac93909e8569b9ea89b9b9', '82e8a1a98bde49ef28843e278b6cd4f33b8ff8bb', 1, 1479545232),
(16, '/Uploads/Picture/2016-11-19/583011dc69147.jpg', '', 'fbac25db15230d4c1a5475ffc9425543', '3b78bdf27d6b3fefb79b9c4491d182f59442e185', 1, 1479545308),
(17, '/Uploads/Picture/2016-11-19/58301233527c5.jpg', '', 'e7ccb0e79781b2b92f3f016833560696', 'a060b82ded4d062ad2ffb7b6e987755e2d3003bb', 1, 1479545395),
(18, '/Uploads/Picture/2016-11-21/58323caa42aab.jpg', '', '274bd38b59676ae730d9c3f71c6ab8e4', 'a5ebfd764595a9d77649fbbb61b37151b6ca45d3', 1, 1479687338),
(19, '/Uploads/Picture/2016-11-21/58323d0d0ad24.jpg', '', '5701270fe8f24f3492c1aacc1aca592e', '6211df27318a5e0438c124608b651b2f819b0492', 1, 1479687437),
(20, '/Uploads/Picture/2016-11-21/58323dddaef94.jpg', '', 'f13cd5895ea7900c2dc3995aa4f35a65', '88d5e7bdf716ab85f32da30966931c91a70e35b2', 1, 1479687645),
(21, '/Uploads/Picture/2016-11-21/58323e205b39e.jpg', '', '27f55416ffbc73f0dd841d8fe513d9d6', '04b425228596955f870338b93372260a19f8cbdb', 1, 1479687712),
(22, '/Uploads/Picture/2016-11-21/58323e5784280.jpg', '', '7765e5e3ebf6008e9387230e7ae36c05', 'c11b0bb23fc70a129d4636831d4306111a4f1e0b', 1, 1479687767),
(23, '/Uploads/Picture/2016-11-21/5832875b58e76.jpg', '', '23e99a1008f1882d98afc9b62655f531', '6ccea34615850f859ad995806c7757a2237959e9', 1, 1479706459),
(24, '/Uploads/Picture/2016-11-21/5832894857785.jpg', '', 'fb700a013cb8bf112acf8a5cb25ea981', '4bedc94dec8270dad006f1cbaed5c21afa8b8b76', 1, 1479706952),
(25, '/Uploads/Picture/2016-11-21/583289eb540b6.jpg', '', '3f392b2f1873d17d490a96efcaa54948', '60352eafc66ce437b637225933f57f2c5327b4be', 1, 1479707115),
(26, '/Uploads/Picture/2016-11-21/58328a5a7d410.jpg', '', '2be63b84abd42b0d5dfb7701c1b940e6', '7a769f6ab56622dc04dcdbd3585a8b55e0347f09', 1, 1479707226),
(27, '/Uploads/Picture/2016-11-21/58328b6a3ae1d.jpg', '', '671a68d8e2408f4125eca4cd34e504a1', '1385f94ca445ae9756303a6eaea42683d5dfe0a6', 1, 1479707498),
(28, '/Uploads/Picture/2016-11-21/58328bdc71e17.jpg', '', 'f8457a96ea36edc88ff6cb2f04f41b16', '9c3a3705d504c1a89b1d4c66a8666d3514ac4c2f', 1, 1479707612),
(29, '/Uploads/Picture/2016-11-21/58328c4dd5fd0.jpg', '', 'cc02ee2d9eaf4bddc3d0bba486b17763', '2be6c3bd42e8b835e7d3ef09e0dbf92e7f87454e', 1, 1479707725),
(30, '/Uploads/Picture/2016-11-21/58328ca64474f.jpg', '', 'b466cb1083ae32e3e1359d6cc907ba35', '309c6d4cf61813cb123d6f9cb81f4d3ac26df877', 1, 1479707814),
(31, '/Uploads/Picture/2016-11-21/58328cebe6cb6.jpg', '', 'cc2008337636ca806ecf4429ff0f650b', '888eebda40599f7c4afe66638b41a4c96ca54dcd', 1, 1479707883),
(32, '/Uploads/Picture/2016-11-21/58328d2ab507c.jpg', '', '3b701ae36860ca068d744b74c0a79ec4', 'ab9cc977996532f7970bc9f5bb200dbbb144bb29', 1, 1479707946),
(33, '/Uploads/Picture/2016-11-21/583290fdb4e97.jpg', '', '49756efb5d61f03def5cbc1ae6f554ca', 'a3a3ba774f4611664a2627ec5d693fc5aa7de5e3', 1, 1479708925),
(34, '/Uploads/Picture/2016-11-21/5832998707cab.jpg', '', '5d339de363a05d23abbc48c594685654', '75502742203de78a35597ae17f67394a4050db4c', 1, 1479711111),
(35, '/Uploads/Picture/2016-11-21/58329d41317f7.jpg', '', '0ab0e317d9bb2a268366948e7dfdc4db', 'd094162577d1131c27b064a49cc06d0c397f7049', 1, 1479712065),
(36, '/Uploads/Picture/2016-11-21/58329dfe73383.jpg', '', '3e640b5d908a97007851aa99270d5654', '85f752e2ed8570ef901689ab34a9c8b2f418d638', 1, 1479712254),
(37, '/Uploads/Picture/2016-11-21/5832a0a1b1d3c.png', '', '9622ed0af1bf45b74e66ef863c0fdddc', 'b44fcd3706a01a7d61d46838c7fa9233af904dfd', 1, 1479712929),
(38, '/Uploads/Picture/2016-11-21/5832a0bfd302c.jpg', '', 'dbea525e66af61b2bc0352dc85a2eeee', '6382ea49bd3e6d9e7a1f42d684ab633e8bbeb9a0', 1, 1479712959),
(39, '/Uploads/Picture/2016-11-21/5832a0debf9af.jpg', '', '575b3ffba7523d3539ffdc2938102ecb', 'b3932ccf62e2c0e3425774f5aa38880dd5144e74', 1, 1479712990),
(40, '/Uploads/Picture/2016-11-21/5832a0fb49604.jpg', '', 'f374ea40a5f750d629f8594ad10b9376', 'e84c06dbabb0e4b173e6a153b7335b6227a48ab1', 1, 1479713019),
(41, '/Uploads/Picture/2016-11-21/5832a1136d0cc.jpg', '', '7c2694130ed8edc65ee8ecc64996a63a', '65926b01491dbc66b7ecf8ecb88691d4aff110f9', 1, 1479713043),
(42, '/Uploads/Picture/2016-11-21/5832ad52d57cb.png', '', '6d73adbbfa069b1a1157e46b13d42f1d', '50fed328ec6bd3502d1456fac1261ba8bd3aea13', 1, 1479716178),
(43, '/Uploads/Picture/2016-11-21/5832adfd8a225.png', '', 'e7d8b1ef86633bfa0ea984ce436d19f5', 'c6a3d8a56fabbf6a7554c8bdba8c40081d2abc7b', 1, 1479716349),
(44, '/Uploads/Picture/2016-11-21/5832ae206d068.png', '', 'b96fc1bd82f9973fbb24e00d12831631', '74d0b28ad81741e9e8f529ef5ddab97ed6c1431f', 1, 1479716384),
(45, '/Uploads/Picture/2016-11-21/5832ae3a813a5.png', '', '87635275793ec4f13918eeddf4f38d83', 'f2b04c1df43e674cf55bac3be1f71e44267de2b9', 1, 1479716410),
(46, '/Uploads/Picture/2016-11-21/5832ae59af12f.png', '', 'e5bae9135bfe05c310c513d95fc8da96', '442306cedb995b1aecddc9c1e0972e426216840e', 1, 1479716441),
(47, '/Uploads/Picture/2016-11-21/5832ae70a75e2.png', '', 'c666f2c120cfbf5b9b261aecdd43300a', 'bcf4f21a09221009e1b49bbf970b440742de45f6', 1, 1479716464),
(48, '/Uploads/Picture/2016-11-22/58339908e34b4.jpg', '', '56bedea1ccc8193c48ee9eafca3f2204', '15ee6f05f6542e5ecffc44c81b692480a14ed1c8', 1, 1479776520),
(49, '/Uploads/Picture/2016-11-22/58339fbcc9884.jpg', '', '26dcab88a989ef21d47fe491f0338a5e', '9e49a7c947faf145dfc1e5aedb73143b277b3eae', 1, 1479778236),
(50, '/Uploads/Picture/2016-11-22/58339fd6a3b85.jpg', '', 'bd542a17e5beaa1ad0f2180b26fa6423', '631f56d3eb4feab319c77cfe5478b54075410f10', 1, 1479778262),
(51, '/Uploads/Picture/2016-11-22/58339ff3c1fcb.jpg', '', 'c3ce0087ef67b9aae5543c551f9c5b37', '074b41235eefdafc40f2fe27bfb0803e3929e7b0', 1, 1479778291),
(52, '/Uploads/Picture/2016-11-22/5833a00a9742b.jpg', '', '2bcc60989c032f8d1eba2b7f00afc42f', 'e380229fa17f1411354667a37b141bfa631bec59', 1, 1479778314),
(53, '/Uploads/Picture/2016-11-22/5833a024901ed.jpg', '', '99b19d0ed6ee2b130d20cc5e062189c1', '7d927f71bfd4f5cb38db26982a185332355c6921', 1, 1479778340),
(54, '/Uploads/Picture/2016-11-22/5833a395499dc.jpg', '', '2424178f0e2622de1bcbef7576af7e47', '857888e16d1b278e558d06d54afbf3153b4d3941', 1, 1479779221),
(55, '/Uploads/Picture/2016-11-22/5833a9d320b35.jpg', '', '8e02903232203686eaa41d08d6a7c100', 'dcfa247332800f131b19251be449bad09b6f898c', 1, 1479780819),
(56, '/Uploads/Picture/2016-11-22/5833a9ea3164b.jpg', '', '3b7bde7f202b35d418095ad3fec90c63', '70af2ab4197a1362b5d0a104ccce48fb79e1d589', 1, 1479780842),
(57, '/Uploads/Picture/2016-11-22/5833a9fd8328b.jpg', '', '0b55e664285af41b9b2d1e61c973e8ba', '4b4ebf3b58eeecccd01fdd9a3e601e180f935c5b', 1, 1479780861),
(58, '/Uploads/Picture/2016-11-22/5833aa128713d.jpg', '', 'eecb7c4455e4e80af78e069d1ac0b229', '460cad3d1147218c2b0c11b18b6fc7ac58c24c3b', 1, 1479780882),
(59, '/Uploads/Picture/2016-11-22/5833aa2ab5cd7.jpg', '', '969fd7e8a845b8d4368b8d3f22b2bb65', '830d48147ea23d4acaea3173694667265d2a5b70', 1, 1479780906),
(60, '/Uploads/Picture/2016-11-22/5833aa3d14d6a.jpg', '', '822729247a3d6bb7d4e8c9c5a23a6da8', '0b1fa3b1bfca9ebdfbe8e4b111224479f55c91bd', 1, 1479780925),
(61, '/Uploads/Picture/2016-11-22/5833aa4fa60ca.jpg', '', '881e7fc9f5555ee10330a927736ecaaa', '9d95da32dc4e6ea72dbe72d5cf693aa79564e4a2', 1, 1479780943),
(62, '/Uploads/Picture/2016-11-22/5833aa659c78b.jpg', '', '53fc9ad0e4f9ab3788374e97981f7422', 'ca78545fe3631b782fa9ba8f49e48059af12d785', 1, 1479780965),
(63, '/Uploads/Picture/2016-11-22/5833aa7cc65c5.jpg', '', 'e95ea07322284c0de996f9baf7571eb6', '7d81e2b772ac8ede1b49cd599e9e1e7ad9d8b389', 1, 1479780988),
(64, '/Uploads/Picture/2016-11-22/5833aa90c964e.jpg', '', '065e2cd918cd00ad5da646033dacadf1', 'd52a3c21055f5d6eb05e059be5e0d9fa1510dc50', 1, 1479781008),
(65, '/Uploads/Picture/2016-11-22/5833aaa229960.jpg', '', '7ebaab53c3712c6a35f2621c92cfa4cf', 'd8966dc889e997a4b4cb47c3a69d6f591354b704', 1, 1479781026),
(66, '/Uploads/Picture/2016-11-22/5833aab36d309.jpg', '', '589aa3d47ecef43fd1cdd7fc203f03d9', '58226cb3d93f4d21704e8d34fe7aac2c4f7d37e5', 1, 1479781043),
(67, '/Uploads/Picture/2016-11-22/5833b16075f5a.jpg', '', '456b30df6922dd23972a613bbb79dd8d', '5ef47e4cc5c585eba5936963386727512e0feb6f', 1, 1479782752),
(68, '/Uploads/Picture/2016-11-22/5833b25a24b09.jpg', '', '106b494f127973f3c8b67757f88f7628', '2ceeeac98865ec1f52eaa7b39a8a5cf8f15cb152', 1, 1479783002),
(69, '/Uploads/Picture/2016-11-22/5833b27011aa8.jpg', '', '94c88ebefd7f299e27e853f9c94706f2', '31618d41a8ce4cfa309a8b17cc10414a4a050490', 1, 1479783024),
(70, '/Uploads/Picture/2016-11-22/5833b29e4d6ab.jpg', '', '67e7ae76f10d6f802042b95d59c10dfa', '478fbd64250f2464b627d697d1be55733dc9cba2', 1, 1479783070),
(71, '/Uploads/Picture/2016-11-22/5833b3f30122e.jpg', '', '20bd84b51549007d4a17e1400d89b2d2', '6d3b3c059e63723f255c1ab805f1bae3d5369012', 1, 1479783410),
(72, '/Uploads/Picture/2016-11-22/5833b409901cb.jpg', '', '7cfbd1fe590d839bf0395286b3064014', 'ffe37b889f01ab22ac9aef66599b6c98e744a50a', 1, 1479783433),
(73, '/Uploads/Picture/2016-11-22/5833b41c8f790.jpg', '', '657e2945f031492bd6c338a87aecabd7', '05108ec5f28d9505e4abdd121df8f5d2021f67ba', 1, 1479783452),
(74, '/Uploads/Picture/2016-11-22/5833b4343d8c5.jpg', '', 'f1acc9d4c0dc9fa3231332c29548f687', 'd1a0dd8b2e6f66e6c68080052dd34d16f6eef0b8', 1, 1479783476),
(75, '/Uploads/Picture/2016-11-22/5833b4711b464.jpg', '', 'd818c117e83fab31ac91ee1bdd39e7e2', 'ca23c39442313ca68f673883305b7e04da4fb3e3', 1, 1479783537),
(76, '/Uploads/Picture/2016-11-22/5833b48424d58.jpg', '', 'b9ee5a74d622b0726504ce6bd86ba3df', '2e92ad5c02cf946258df6aa89e6632d22ad743e3', 1, 1479783556),
(77, '/Uploads/Picture/2016-11-22/5833b4d6ed01c.jpg', '', '7aea00ee18d71c99fe690751751176e3', '7a5d19a5281ed403a9ef81483e9aa3aa48ba00fb', 1, 1479783638),
(78, '/Uploads/Picture/2016-11-22/5833b4ed59cea.jpg', '', '253e7f181bce5bcfd76a01490be43c80', 'b9b4048197f04cf32710362f7bf2b233f943ca43', 1, 1479783661),
(79, '/Uploads/Picture/2016-11-22/5833b4ff6b415.jpg', '', '990c9af8e908435f75af637d18a26c05', '965d3fac3f53b0492a10d3efa37ae4eb1bb7a33e', 1, 1479783679),
(80, '/Uploads/Picture/2016-11-22/5833b51482387.jpg', '', '136bbd341f767b6558d673093d9b6334', 'e9ca7998c04a43758de71b642fd5f486db92443d', 1, 1479783700),
(81, '/Uploads/Picture/2016-11-22/5833b53b76c0f.jpg', '', '0a399e7f81d56e0c5a9215d1dcde8143', 'b5daf25aa7e1b115d245fc57358d87581892c8c8', 1, 1479783739),
(82, '/Uploads/Picture/2016-11-22/5833b55033cb2.jpg', '', '354ccb44974a80b0ff5bbb397cb95ff1', '9137d691bf950cb811f783fabf327461efaab3e6', 1, 1479783760),
(83, '/Uploads/Picture/2016-11-22/5833b56342cf6.jpg', '', '558a2e2e746040b7a2e32fbfed9b82bf', 'e58e99991348efc9d55e36c6c8e72f539a03d9a1', 1, 1479783779),
(84, '/Uploads/Picture/2016-11-22/5833b57c4fd1e.jpg', '', '811e9d55714eaa3d6347b609e9306094', '5c231e555a7258925c3fb3dd8e1efacac449b9f1', 1, 1479783804),
(85, '/Uploads/Picture/2016-11-22/5833b58b64e9e.jpg', '', '598f01dfb358e696357ff6df107f729d', '2557c3b47665825f00149f2439e6bc249ed251fc', 1, 1479783819),
(86, '/Uploads/Picture/2016-11-22/5833b59a6c267.jpg', '', '4cb0bfc0b3c56791bc44f66344135850', '9bdca5e6ce997b4b9902406fdc886d7e9b9669ff', 1, 1479783834),
(87, '/Uploads/Picture/2016-11-22/5833b5b9ca667.jpg', '', '4b88a7a20d0f471fbbc1a5117d6c3ca5', 'd4b9e46612b64c6167b5d29465fed2075c7cceb0', 1, 1479783865),
(88, '/Uploads/Picture/2016-11-22/5833b5d097abe.jpg', '', '57578080cca857d27026d39a54898801', '5a0e2ca2d8ee248411f63c5ec70b96aa4d392faa', 1, 1479783888),
(89, '/Uploads/Picture/2016-11-22/5833b5e68ce90.jpg', '', '18f4164525087e459528e0ad0f64bc60', '4d39fca914222d903a708cc73e1b5b7b36365b4c', 1, 1479783910),
(90, '/Uploads/Picture/2016-11-22/5833b5fd883ca.jpg', '', 'e4a5f6e97dc2e043e928ad6ad42de27e', 'f22dbc3f8c689b18815f490991f852ebaf0aa046', 1, 1479783933),
(91, '/Uploads/Picture/2016-11-22/5833b6241eddd.jpg', '', '98928b9058f894642d1590bcef24e789', '13bc9431d9a838b8262c78ebe97830333751716f', 1, 1479783972),
(92, '/Uploads/Picture/2016-11-22/5833b6396afd0.jpg', '', '890e28b531b04b0e94e164059e88d550', '64533e5c2e0ddfab6101ebb4742508e68b5d59f0', 1, 1479783993),
(93, '/Uploads/Picture/2016-11-22/5833b65f8893c.jpg', '', 'f59ef9dc77b5eff5143874e747453c90', '603c5c522a6a582198661b8bbb0cfbdc35028992', 1, 1479784031),
(94, '/Uploads/Picture/2016-11-22/5833b69cd5c25.jpg', '', '47f140f18bf64b6fe26f8dba34920e66', 'f1b36e611e5ac56444877a1726ddf661e84365b1', 1, 1479784092),
(95, '/Uploads/Picture/2016-11-22/5833b6e8ca5d2.jpg', '', '840317c88b596fab461207a63858e435', '27a67f7fc5dfa0b1d1e1482eec12179b2496b065', 1, 1479784168),
(96, '/Uploads/Picture/2016-11-22/5833b6fd79c60.jpg', '', 'c7336becd6fa873a4dd69739500d7746', '4b27f13889e67eed7ead7e2a6e26fc1ca7e481bf', 1, 1479784189),
(97, '/Uploads/Picture/2016-11-22/5833b71405100.jpg', '', '9ae6bb92ea51bbd18a15614950092cd4', '75236ab19901d2110f88457b866b2f631f6fca5c', 1, 1479784212),
(98, '/Uploads/Picture/2016-11-22/5833bbc2b14ca.jpg', '', '47de520a50233c35da51adc802d5a42a', '0fc722c2f1709302fe9e1302c591965720f77c0f', 1, 1479785410),
(99, '/Uploads/Picture/2016-11-22/5833bbd96bfd1.jpg', '', 'eaf2c043063e345e6f33f54e0ce470bc', 'c5fe7f1835b0bd4fe1bc5441e480e61c9c3ea672', 1, 1479785433),
(100, '/Uploads/Picture/2016-11-22/5833bbee932a8.jpg', '', '4c69e8680616421eadac2f2e311fa5a3', 'c8ce06d256cfeea8672780627f5bde5548d93020', 1, 1479785454),
(101, '/Uploads/Picture/2016-11-22/5833bc0c5ffa4.jpg', '', 'f4f58b6d2e1cc677e2e4856e03700340', '6ebde7a53a030da1aa4524520148917a7c91f792', 1, 1479785484),
(102, '/Uploads/Picture/2016-11-22/5833bc2319791.jpg', '', '19abcf82434ed9118490ff023d801c2a', '437586259b1faa7d55e93a747894b5e6065a7a94', 1, 1479785507),
(103, '/Uploads/Picture/2016-11-22/5833bcc06f1af.jpg', '', '93f2b712f4f41f125f1b8112773ae857', '9f2789eb41d8ff159175f636d3baaed27f59875e', 1, 1479785664),
(104, '/Uploads/Picture/2016-11-22/5833bcd4acd95.jpg', '', '0fa7f9f5358bc3b540ce91edb0ff6d06', '3e8f02939025735e2ed6f80f1703aa7d35a5124f', 1, 1479785684),
(105, '/Uploads/Picture/2016-11-22/5833bce5e7178.jpg', '', '9fe2bd2ab2ea29e5df87b50970d9df1c', 'd682ce9403eba2085c71c098d7413693efe1249e', 1, 1479785701),
(106, '/Uploads/Picture/2016-11-22/5833bcf92087c.jpg', '', 'b66199c409a93d0ed94ceef4bf4d7d13', 'e825a96f60e7224533ebcc052f253db51cba0797', 1, 1479785721),
(107, '/Uploads/Picture/2016-11-22/5833bd418b0c9.jpg', '', '551ce8b4968c43c942b0b8f6cb703a34', '493253c3833810b3db29af02149b2734f0241785', 1, 1479785793),
(108, '/Uploads/Picture/2016-11-22/5833bd5654ff0.jpg', '', 'e882e8508a2e4c9e63a353df763a324b', 'bde2f29c06b16b9334c902d00377d7b53d8987f7', 1, 1479785814),
(109, '/Uploads/Picture/2016-11-22/5833bd69da5c1.jpg', '', 'edfc5a85e0d8d78b6bea366042885598', 'd04683d4c43dd8660d388f38723e439b808ac8ab', 1, 1479785833),
(110, '/Uploads/Picture/2016-11-22/5833bd7e1fd0d.jpg', '', 'c6b9f4d463cac933d16bc7a3c0099621', 'aa2f30dca51c5408b458c683c8881929db06cb9e', 1, 1479785854),
(111, '/Uploads/Picture/2016-11-22/5833bd8f99198.jpg', '', 'a65f7cb3078d03dcb186621f64b73fac', '9041faba0e2741e329057eebd136e3e82a911d64', 1, 1479785871),
(112, '/Uploads/Picture/2016-11-22/5833bdf9891b4.jpg', '', '5ecfa1beb523337ea46c6f72f5049844', '9403ff573b0ebd12d8c987506ffafd5613cb4ee4', 1, 1479785977),
(113, '/Uploads/Picture/2016-11-22/5833be115f38a.jpg', '', 'e7bc345728deb81ea8ef06eaa17ca08e', 'ba64623ec7c816ae986992306d89a095dad212a7', 1, 1479786001),
(114, '/Uploads/Picture/2016-11-22/5833be2439c83.jpg', '', 'f387a9e45d8eb6d99bfe45fa49f417f3', 'e5e94c2937d9dc5c3e2b3d128fd37a420b4376f4', 1, 1479786020),
(115, '/Uploads/Picture/2016-11-22/5833be34d5412.jpg', '', '420dcca88e718cf475c948d55985a49a', 'ed57598a450fd9ce94f81aa4d105ade9457d13a3', 1, 1479786036),
(116, '/Uploads/Picture/2016-11-22/5833be45e461d.jpg', '', '56473545d2a23088fdb755c4f9de727e', 'bdcb76afbb25a1ebbafb200e261f09cacecbc082', 1, 1479786053),
(117, '/Uploads/Picture/2016-11-22/5833be599372e.jpg', '', 'ff579ff35b0d25b2930a8f23e3710a21', 'be3dc8defa3c0382571646a8910ed6818d394dee', 1, 1479786073),
(118, '/Uploads/Picture/2016-11-22/5833be6bc46c8.jpg', '', '5f69468f0311e15596b28a900f328e4d', '42b08f3725095d02c527b4e52ea4947820aeebf7', 1, 1479786091),
(119, '/Uploads/Picture/2016-11-22/5833be7d3af6d.jpg', '', '6fcf80727924561551889c9f74fc9224', '6a4870d05c2ba76bc06ec7e64c6fde6482675b9b', 1, 1479786109),
(120, '/Uploads/Picture/2016-11-22/5833be8c63d90.jpg', '', '2446f35a48598510b17fe23766bf4b3f', 'ec106683a181e0f683cedfb776735598b9a41eb0', 1, 1479786124),
(121, '/Uploads/Picture/2016-11-22/5833be9cca328.jpg', '', '416aaf5dea7d7a0d82c7b7c159495aa9', '41591d340e16ca6eee3b94b651fc3498fdaee624', 1, 1479786140),
(122, '/Uploads/Picture/2016-11-22/5833beaccbbe7.jpg', '', 'f4ee722d3c040bca95936297ed91b75e', 'ff87e5dc4b26d21f1bdc849d6deff94d25335d3f', 1, 1479786156),
(123, '/Uploads/Picture/2016-11-22/5833becfcdbc4.jpg', '', '76addcbc41bb705d48448583f2c29e93', 'e1c702139b626f38a5d129d2c761aaedfa2e4544', 1, 1479786191),
(124, '/Uploads/Picture/2016-11-22/5833bee7d1010.jpg', '', 'b11e785c706f2f4e32d87a0f4eff8e6f', '7e176e744c7bc6623de1d5666f0c2025a81abc7a', 1, 1479786215),
(125, '/Uploads/Picture/2016-11-22/5833e0d209315.png', '', 'c16214fc159b281b53535d33bf6a6c00', '424d9e752abc5e7a243b422e8d2e48ac1082b5f1', 1, 1479794898),
(126, '/Uploads/Picture/2016-11-22/5833e914b66fb.png', '', 'e79d33a7342227b33c034a23c21de77d', '25f89959816dccae160cb5deb31ff92fd544e05a', 1, 1479797012);

-- --------------------------------------------------------

--
-- Table structure for table `gxr_setting`
--

CREATE TABLE IF NOT EXISTS `gxr_setting` (
  `name` varchar(100) NOT NULL,
  `data` text NOT NULL,
  `remark` varchar(255) NOT NULL,
  KEY `name` (`name`)
) ENGINE=MyISAM DEFAULT CHARSET=utf8;

--
-- Dumping data for table `gxr_setting`
--

INSERT INTO `gxr_setting` (`name`, `data`, `remark`) VALUES
('web_site', '学而思', '');

/*!40101 SET CHARACTER_SET_CLIENT=@OLD_CHARACTER_SET_CLIENT */;
/*!40101 SET CHARACTER_SET_RESULTS=@OLD_CHARACTER_SET_RESULTS */;
/*!40101 SET COLLATION_CONNECTION=@OLD_COLLATION_CONNECTION */;
